genes,trt,mean.value,root.voom5.module,query_id
BraA01g001790.3C,dead,-0.037523161759240725,paleturquoise,BRARA.A00171-MONOMER
BraA01g001790.3C,live,0.037523161759240586,paleturquoise,BRARA.A00171-MONOMER
BraA01g003720.3C,dead,0.01774264050811001,red,MONOMER4K-128
BraA01g003720.3C,live,-0.01774264050810999,red,MONOMER4K-128
BraA01g004150.3C,dead,0.33258314904674774,plum1,BRARA.A00407-MONOMER
BraA01g004150.3C,live,-0.3325831490467477,plum1,BRARA.A00407-MONOMER
BraA01g004950.3C,dead,-0.4620281708137751,lightyellow,BRARA.A00487-MONOMER
BraA01g004950.3C,live,0.4620281708137752,lightyellow,BRARA.A00487-MONOMER
BraA01g005880.3C,dead,0.013091648017804408,red,BRARA.A00575-MONOMER
BraA01g005880.3C,live,-0.01309164801780439,red,BRARA.A00575-MONOMER
BraA01g006810.3C,dead,-0.04490478878410539,red,BRARA.A00663-MONOMER
BraA01g006810.3C,live,0.04490478878410538,red,BRARA.A00663-MONOMER
BraA01g008020.3C,dead,0.005043637456402259,midnightblue,BRARA.A00771-MONOMER
BraA01g008020.3C,live,-0.0050436374564022494,midnightblue,BRARA.A00771-MONOMER
BraA01g010270.3C,dead,-0.03194707194470772,red,BRARA.A00983-MONOMER
BraA01g010270.3C,live,0.03194707194470773,red,BRARA.A00983-MONOMER
BraA01g010650.3C,dead,1.4110496656340852e-4,red,BRARA.A01027-MONOMER
BraA01g010650.3C,live,-1.4110496656338927e-4,red,BRARA.A01027-MONOMER
BraA01g010990.3C,dead,0.6815005351838461,plum1,BRARA.A01064-MONOMER
BraA01g010990.3C,live,-0.681500535183846,plum1,BRARA.A01064-MONOMER
BraA01g011030.3C,dead,-0.18547711475843126,red,BRARA.A01067-MONOMER
BraA01g011030.3C,live,0.18547711475843143,red,BRARA.A01067-MONOMER
BraA01g011040.3C,dead,-0.029233175523694133,red,BRARA.A01068-MONOMER
BraA01g011040.3C,live,0.02923317552369414,red,BRARA.A01068-MONOMER
BraA01g012700.3C,dead,0.196933188791652,yellowgreen,BRARA.A01222-MONOMER
BraA01g012700.3C,live,-0.19693318879165198,yellowgreen,BRARA.A01222-MONOMER
BraA01g014710.3C,dead,-0.044955332055564096,red,BRARA.A01404-MONOMER
BraA01g014710.3C,live,0.044955332055564116,red,BRARA.A01404-MONOMER
BraA01g015820.3C,dead,0.19720947237865485,lightyellow,BRARA.A01511-MONOMER
BraA01g015820.3C,live,-0.19720947237865488,lightyellow,BRARA.A01511-MONOMER
BraA01g016530.3C,dead,0.047939401202482614,paleturquoise,BRARA.A01575-MONOMER
BraA01g016530.3C,live,-0.04793940120248267,paleturquoise,BRARA.A01575-MONOMER
BraA01g019500.3C,dead,0.009484876256801058,red,BRARA.A01839-MONOMER
BraA01g019500.3C,live,-0.009484876256801056,red,BRARA.A01839-MONOMER
BraA01g020200.3C,dead,0.0026594010988620917,red,BRARA.A01898-MONOMER
BraA01g020200.3C,live,-0.0026594010988620674,red,BRARA.A01898-MONOMER
BraA01g021150.3C,dead,0.19479684238588355,plum1,BRARA.A01977-MONOMER
BraA01g021150.3C,live,-0.19479684238588363,plum1,BRARA.A01977-MONOMER
BraA01g022530.3C,dead,0.09732388252380439,midnightblue,BRARA.A02100-MONOMER
BraA01g022530.3C,live,-0.09732388252380442,midnightblue,BRARA.A02100-MONOMER
BraA01g022910.3C,dead,-0.0011549359375971203,midnightblue,BRARA.A02124-MONOMER
BraA01g022910.3C,live,0.0011549359375971138,midnightblue,BRARA.A02124-MONOMER
BraA01g023090.3C,dead,-0.10258064725076728,paleturquoise,BRARA.A02138-MONOMER
BraA01g023090.3C,live,0.10258064725076727,paleturquoise,BRARA.A02138-MONOMER
BraA01g029350.3C,dead,0.0021009421247193847,red,BRARA.A02551-MONOMER
BraA01g029350.3C,live,-0.0021009421247193986,red,BRARA.A02551-MONOMER
BraA01g029670.3C,dead,0.36274892624010296,plum1,BRARA.A02571-MONOMER
BraA01g029670.3C,live,-0.36274892624010285,plum1,BRARA.A02571-MONOMER
BraA01g030550.3C,dead,-0.011724356154882723,midnightblue,BRARA.A02643-MONOMER
BraA01g030550.3C,live,0.011724356154882778,midnightblue,BRARA.A02643-MONOMER
BraA01g033790.3C,dead,0.020454102715997013,red,BRARA.A02878-MONOMER
BraA01g033790.3C,live,-0.020454102715997,red,BRARA.A02878-MONOMER
BraA01g034430.3C,dead,0.005101448291702989,midnightblue,BRARA.A02932-MONOMER
BraA01g034430.3C,live,-0.005101448291702979,midnightblue,BRARA.A02932-MONOMER
BraA01g034680.3C,dead,0.03650425013634655,red,BRARA.A02957-MONOMER
BraA01g034680.3C,live,-0.03650425013634657,red,BRARA.A02957-MONOMER
BraA01g039930.3C,dead,-0.04836019666381112,red,BRARA.A03446-MONOMER
BraA01g039930.3C,live,0.04836019666381108,red,BRARA.A03446-MONOMER
BraA01g040170.3C,dead,0.01803004149095687,yellowgreen,BRARA.A03472-MONOMER
BraA01g040170.3C,live,-0.018030041490956796,yellowgreen,BRARA.A03472-MONOMER
BraA01g040760.3C,dead,0.021985258519748092,red,BRARA.A03545-MONOMER
BraA01g040760.3C,live,-0.021985258519748186,red,BRARA.A03545-MONOMER
BraA01g040810.3C,dead,0.4502530571080184,plum1,BRARA.A03577-MONOMER
BraA01g040810.3C,live,-0.4502530571080184,plum1,BRARA.A03577-MONOMER
BraA01g041630.3C,dead,0.2718756458423046,plum1,BRARA.A03622-MONOMER
BraA01g041630.3C,live,-0.27187564584230456,plum1,BRARA.A03622-MONOMER
BraA01g042770.3C,dead,0.11723432825509104,plum1,BRARA.A03736-MONOMER
BraA01g042770.3C,live,-0.11723432825509104,plum1,BRARA.A03736-MONOMER
BraA01g043400.3C,dead,-0.2643646812227245,lightyellow,BRARA.A03799-MONOMER
BraA01g043400.3C,live,0.26436468122272455,lightyellow,BRARA.A03799-MONOMER
BraA01g044880.3C,dead,-0.055891055510148314,red,BRARA.A03934-MONOMER
BraA01g044880.3C,live,0.05589105551014824,red,BRARA.A03934-MONOMER
BraA02g001290.3C,dead,-0.030865076227351667,red,BRARA.B00132-MONOMER
BraA02g001290.3C,live,0.03086507622735167,red,BRARA.B00132-MONOMER
BraA02g001710.3C,dead,-0.5719864187993722,lightyellow,BRARA.B00172-MONOMER
BraA02g001710.3C,live,0.5719864187993722,lightyellow,BRARA.B00172-MONOMER
BraA02g003290.3C,dead,0.16195694423837212,paleturquoise,BRARA.B00341-MONOMER
BraA02g003290.3C,live,-0.16195694423837215,paleturquoise,BRARA.B00341-MONOMER
BraA02g003640.3C,dead,0.3403229969062631,plum1,BRARA.B00380-MONOMER
BraA02g003640.3C,live,-0.34032299690626305,plum1,BRARA.B00380-MONOMER
BraA02g004420.3C,dead,0.1500975321882314,yellowgreen,BRARA.B00450-MONOMER
BraA02g004420.3C,live,-0.15009753218823138,yellowgreen,BRARA.B00450-MONOMER
BraA02g005830.3C,dead,-0.02278508159316767,paleturquoise,BRARA.B00585-MONOMER
BraA02g005830.3C,live,0.02278508159316766,paleturquoise,BRARA.B00585-MONOMER
BraA02g006420.3C,dead,0.12085859858871864,lightyellow,BRARA.B00648-MONOMER
BraA02g006420.3C,live,-0.12085859858871864,lightyellow,BRARA.B00648-MONOMER
BraA02g006450.3C,dead,-0.01458762415517023,midnightblue,BRARA.B00652-MONOMER
BraA02g006450.3C,live,0.01458762415517022,midnightblue,BRARA.B00652-MONOMER
BraA02g006550.3C,dead,-0.25099250555694913,lightyellow,BRARA.B00664-MONOMER
BraA02g006550.3C,live,0.2509925055569492,lightyellow,BRARA.B00664-MONOMER
BraA02g007380.3C,dead,0.0818191121321683,red,BRARA.B00745-MONOMER
BraA02g007380.3C,live,-0.08181911213216829,red,BRARA.B00745-MONOMER
BraA02g008260.3C,dead,0.009263114492688379,midnightblue,BRARA.B00831-MONOMER
BraA02g008260.3C,live,-0.009263114492688383,midnightblue,BRARA.B00831-MONOMER
BraA02g009160.3C,dead,-0.1604962785049821,paleturquoise,BRARA.B00910-MONOMER
BraA02g009160.3C,live,0.16049627850498208,paleturquoise,BRARA.B00910-MONOMER
BraA02g009240.3C,dead,0.040145090119886276,lightyellow,BRARA.B00918-MONOMER
BraA02g009240.3C,live,-0.04014509011988627,lightyellow,BRARA.B00918-MONOMER
BraA02g010250.3C,dead,0.0033981048327630494,midnightblue,BRARA.B01021-MONOMER
BraA02g010250.3C,live,-0.0033981048327630624,midnightblue,BRARA.B01021-MONOMER
BraA02g010960.3C,dead,0.014167572522944144,red,BRARA.B01093-MONOMER
BraA02g010960.3C,live,-0.014167572522944153,red,BRARA.B01093-MONOMER
BraA02g010990.3C,dead,0.16297620860454773,paleturquoise,BRARA.B01097-MONOMER
BraA02g010990.3C,live,-0.1629762086045477,paleturquoise,BRARA.B01097-MONOMER
BraA02g011480.3C,dead,-0.026112396768471192,red,BRARA.B01139-MONOMER
BraA02g011480.3C,live,0.026112396768471286,red,BRARA.B01139-MONOMER
BraA02g011490.3C,dead,0.0035007753357141976,red,BRARA.B01140-MONOMER
BraA02g011490.3C,live,-0.0035007753357141702,red,BRARA.B01140-MONOMER
BraA02g013030.3C,dead,0.3014772159702931,yellowgreen,BRARA.B01291-MONOMER
BraA02g013030.3C,live,-0.3014772159702931,yellowgreen,BRARA.B01291-MONOMER
BraA02g013720.3C,dead,-0.042138324780315047,midnightblue,BRARA.B01364-MONOMER
BraA02g013720.3C,live,0.04213832478031494,midnightblue,BRARA.B01364-MONOMER
BraA02g013910.3C,dead,0.02533122350727019,red,BRARA.B01382-MONOMER
BraA02g013910.3C,live,-0.02533122350727021,red,BRARA.B01382-MONOMER
BraA02g015810.3C,dead,-0.0023734288741320215,red,BRARA.B01555-MONOMER
BraA02g015810.3C,live,0.002373428874131985,red,BRARA.B01555-MONOMER
BraA02g017620.3C,dead,0.061403897283636634,midnightblue,BRARA.B01717-MONOMER
BraA02g017620.3C,live,-0.061403897283636655,midnightblue,BRARA.B01717-MONOMER
BraA02g018040.3C,dead,-0.016845141005821893,lightyellow,BRARA.B01759-MONOMER
BraA02g018040.3C,live,0.016845141005821886,lightyellow,BRARA.B01759-MONOMER
BraA02g019970.3C,dead,0.012749577884498415,paleturquoise,BRARA.B01925-MONOMER
BraA02g019970.3C,live,-0.012749577884498457,paleturquoise,BRARA.B01925-MONOMER
BraA02g020810.3C,dead,-0.22274693351436697,lightyellow,BRARA.B02007-MONOMER
BraA02g020810.3C,live,0.22274693351436697,lightyellow,BRARA.B02007-MONOMER
BraA02g022330.3C,dead,0.06377432453043072,midnightblue,BRARA.B02126-MONOMER
BraA02g022330.3C,live,-0.06377432453043068,midnightblue,BRARA.B02126-MONOMER
BraA02g023170.3C,dead,-0.00483488601503907,red,BRARA.B02247-MONOMER
BraA02g023170.3C,live,0.004834886015039082,red,BRARA.B02247-MONOMER
BraA02g023600.3C,dead,0.408611147767454,plum1,BRARA.B02193-MONOMER
BraA02g023600.3C,live,-0.408611147767454,plum1,BRARA.B02193-MONOMER
BraA02g024390.3C,dead,0.391256946795121,yellowgreen,BRARA.B02290-MONOMER
BraA02g024390.3C,live,-0.3912569467951211,yellowgreen,BRARA.B02290-MONOMER
BraA02g024490.3C,dead,0.21871467194524902,yellowgreen,BRARA.B02300-MONOMER
BraA02g024490.3C,live,-0.21871467194524905,yellowgreen,BRARA.B02300-MONOMER
BraA02g024520.3C,dead,0.06515180704569883,lightyellow,BRARA.B02303-MONOMER
BraA02g024520.3C,live,-0.06515180704569876,lightyellow,BRARA.B02303-MONOMER
BraA02g024790.3C,dead,-0.07802104047107354,red,BRARA.B02331-MONOMER
BraA02g024790.3C,live,0.0780210404710736,red,BRARA.B02331-MONOMER
BraA02g024910.3C,dead,-0.00503221670143325,red,BRARA.B02343-MONOMER
BraA02g024910.3C,live,0.005032216701433255,red,BRARA.B02343-MONOMER
BraA02g025910.3C,dead,0.16988069322731672,paleturquoise,BRARA.B02498-MONOMER
BraA02g025910.3C,live,-0.1698806932273168,paleturquoise,BRARA.B02498-MONOMER
BraA02g025930.3C,dead,0.013805529518159151,red,BRARA.B02501-MONOMER
BraA02g025930.3C,live,-0.013805529518159148,red,BRARA.B02501-MONOMER
BraA02g026380.3C,dead,-0.010585287822047346,midnightblue,BRARA.B02565-MONOMER
BraA02g026380.3C,live,0.01058528782204728,midnightblue,BRARA.B02565-MONOMER
BraA02g026690.3C,dead,0.09003579904101587,red,BRARA.B02542-MONOMER
BraA02g026690.3C,live,-0.09003579904101586,red,BRARA.B02542-MONOMER
BraA02g028180.3C,dead,0.05489781903498782,midnightblue,BRARA.B02699-MONOMER
BraA02g028180.3C,live,-0.05489781903498783,midnightblue,BRARA.B02699-MONOMER
BraA02g028510.3C,dead,0.0410319772399834,midnightblue,BRARA.B02749-MONOMER
BraA02g028510.3C,live,-0.04103197723998337,midnightblue,BRARA.B02749-MONOMER
BraA02g028950.3C,dead,-0.1735525551562498,lightyellow,BRARA.B02534-MONOMER
BraA02g028950.3C,live,0.1735525551562497,lightyellow,BRARA.B02534-MONOMER
BraA02g030540.3C,dead,-0.22871620587254893,paleturquoise,BRARA.B02445-MONOMER
BraA02g030540.3C,live,0.22871620587254893,paleturquoise,BRARA.B02445-MONOMER
BraA02g030820.3C,dead,0.019814516683642838,midnightblue,BRARA.B02422-MONOMER
BraA02g030820.3C,live,-0.0198145166836428,midnightblue,BRARA.B02422-MONOMER
BraA02g034550.3C,dead,-0.021449688445868458,paleturquoise,MONOMER4K-545
BraA02g034550.3C,live,0.021449688445868476,paleturquoise,MONOMER4K-545
BraA02g038060.3C,dead,-0.06773771535701376,midnightblue,BRARA.B03324-MONOMER
BraA02g038060.3C,live,0.06773771535701381,midnightblue,BRARA.B03324-MONOMER
BraA02g038280.3C,dead,0.2747468114156632,plum1,BRARA.B03336-MONOMER
BraA02g038280.3C,live,-0.2747468114156631,plum1,BRARA.B03336-MONOMER
BraA02g039910.3C,dead,-0.024294408269628715,midnightblue,BRARA.B03463-MONOMER
BraA02g039910.3C,live,0.0242944082696288,midnightblue,BRARA.B03463-MONOMER
BraA02g041980.3C,dead,-0.013133403957999515,midnightblue,BRARA.B03668-MONOMER
BraA02g041980.3C,live,0.013133403957999546,midnightblue,BRARA.B03668-MONOMER
BraA02g042610.3C,dead,-0.06648771590901409,paleturquoise,BRARA.B03727-MONOMER
BraA02g042610.3C,live,0.06648771590901408,paleturquoise,BRARA.B03727-MONOMER
BraA02g044050.3C,dead,-0.01859433769721748,red,BRARA.B03850-MONOMER
BraA02g044050.3C,live,0.018594337697217512,red,BRARA.B03850-MONOMER
BraA02g045040.3C,dead,-0.006261817612251364,red,BRARA.B03939-MONOMER
BraA02g045040.3C,live,0.006261817612251344,red,BRARA.B03939-MONOMER
BraA03g000310.3C,dead,0.006515287408629645,midnightblue,BRARA.C00006-MONOMER
BraA03g000310.3C,live,-0.0065152874086296855,midnightblue,BRARA.C00006-MONOMER
BraA03g001840.3C,dead,0.22631175363271275,yellowgreen,BRARA.C00189-MONOMER
BraA03g001840.3C,live,-0.22631175363271275,yellowgreen,BRARA.C00189-MONOMER
BraA03g002070.3C,dead,0.16895827736003652,midnightblue,BRARA.C00209-MONOMER
BraA03g002070.3C,live,-0.16895827736003652,midnightblue,BRARA.C00209-MONOMER
BraA03g003910.3C,dead,-0.09736974331889733,paleturquoise,BRARA.H01255-MONOMER
BraA03g003910.3C,live,0.0973697433188973,paleturquoise,BRARA.H01255-MONOMER
BraA03g005070.3C,dead,-0.1489892957316884,lightyellow,BRARA.C00494-MONOMER
BraA03g005070.3C,live,0.14898929573168848,lightyellow,BRARA.C00494-MONOMER
BraA03g005720.3C,dead,0.05068089383051459,red,BRARA.C00562-MONOMER
BraA03g005720.3C,live,-0.0506808938305146,red,BRARA.C00562-MONOMER
BraA03g008090.3C,dead,-0.08901300749255509,red,BRARA.C00776-MONOMER
BraA03g008090.3C,live,0.08901300749255515,red,BRARA.C00776-MONOMER
BraA03g010620.3C,dead,0.007879283577729199,red,BRARA.C01027-MONOMER
BraA03g010620.3C,live,-0.00787928357772919,red,BRARA.C01027-MONOMER
BraA03g013010.3C,dead,-0.043669257311403684,red,BRARA.C01255-MONOMER
BraA03g013010.3C,live,0.043669257311403684,red,BRARA.C01255-MONOMER
BraA03g013160.3C,dead,-0.05546701480668575,paleturquoise,BRARA.C01275-MONOMER
BraA03g013160.3C,live,0.055467014806685734,paleturquoise,BRARA.C01275-MONOMER
BraA03g013260.3C,dead,-0.026355985299773805,red,BRARA.C01390-MONOMER
BraA03g013260.3C,live,0.02635598529977377,red,BRARA.C01390-MONOMER
BraA03g014810.3C,dead,0.0969423836294816,midnightblue,BRARA.C01419-MONOMER
BraA03g014810.3C,live,-0.09694238362948165,midnightblue,BRARA.C01419-MONOMER
BraA03g019350.3C,dead,0.007773582432135161,red,BRARA.C01860-MONOMER
BraA03g019350.3C,live,-0.00777358243213514,red,BRARA.C01860-MONOMER
BraA03g020240.3C,dead,0.03750850484325887,lightyellow,BRARA.C01952-MONOMER
BraA03g020240.3C,live,-0.03750850484325891,lightyellow,BRARA.C01952-MONOMER
BraA03g022520.3C,dead,-0.05842652539860391,paleturquoise,BRARA.C02180-MONOMER
BraA03g022520.3C,live,0.05842652539860384,paleturquoise,BRARA.C02180-MONOMER
BraA03g022870.3C,dead,0.04842608889979713,red,BRARA.C02212-MONOMER
BraA03g022870.3C,live,-0.048426088899797146,red,BRARA.C02212-MONOMER
BraA03g024560.3C,dead,0.106871753221346,midnightblue,BRARA.C02373-MONOMER
BraA03g024560.3C,live,-0.10687175322134602,midnightblue,BRARA.C02373-MONOMER
BraA03g025060.3C,dead,0.3801704777960571,yellowgreen,BRARA.C02422-MONOMER
BraA03g025060.3C,live,-0.3801704777960571,yellowgreen,BRARA.C02422-MONOMER
BraA03g028260.3C,dead,-0.07955548493269388,red,BRARA.C02736-MONOMER
BraA03g028260.3C,live,0.07955548493269388,red,BRARA.C02736-MONOMER
BraA03g029270.3C,dead,0.3887911850626707,midnightblue,BRARA.C02825-MONOMER
BraA03g029270.3C,live,-0.3887911850626707,midnightblue,BRARA.C02825-MONOMER
BraA03g030300.3C,dead,-0.03297849876610446,red,BRARA.C02928-MONOMER
BraA03g030300.3C,live,0.032978498766104446,red,BRARA.C02928-MONOMER
BraA03g030890.3C,dead,0.005743915597820897,red,BRARA.K01603-MONOMER
BraA03g030890.3C,live,-0.005743915597820897,red,BRARA.K01603-MONOMER
BraA03g031130.3C,dead,0.10456452542328849,midnightblue,BRARA.C03007-MONOMER
BraA03g031130.3C,live,-0.10456452542328855,midnightblue,BRARA.C03007-MONOMER
BraA03g031370.3C,dead,-0.2251067964329068,lightyellow,BRARA.C03029-MONOMER
BraA03g031370.3C,live,0.22510679643290685,lightyellow,BRARA.C03029-MONOMER
BraA03g037080.3C,dead,0.26836141470670327,lightyellow,BRARA.C03578-MONOMER
BraA03g037080.3C,live,-0.26836141470670327,lightyellow,BRARA.C03578-MONOMER
BraA03g038530.3C,dead,0.08115400824525244,midnightblue,BRARA.C03704-MONOMER
BraA03g038530.3C,live,-0.08115400824525247,midnightblue,BRARA.C03704-MONOMER
BraA03g039690.3C,dead,-0.0016561155874251666,red,BRARA.C03824-MONOMER
BraA03g039690.3C,live,0.0016561155874251859,red,BRARA.C03824-MONOMER
BraA03g040590.3C,dead,0.213703567151723,yellowgreen,BRARA.C03894-MONOMER
BraA03g040590.3C,live,-0.21370356715172298,yellowgreen,BRARA.C03894-MONOMER
BraA03g040800.3C,dead,-0.1341831840186244,midnightblue,BRARA.C03916-MONOMER
BraA03g040800.3C,live,0.1341831840186244,midnightblue,BRARA.C03916-MONOMER
BraA03g041030.3C,dead,3.886623231473825e-4,red,BRARA.C03939-MONOMER
BraA03g041030.3C,live,-3.8866232314737384e-4,red,BRARA.C03939-MONOMER
BraA03g041070.3C,dead,-0.4110066086977166,lightyellow,BRARA.C03943-MONOMER
BraA03g041070.3C,live,0.41100660869771677,lightyellow,BRARA.C03943-MONOMER
BraA03g042860.3C,dead,0.006542364082425606,red,BRARA.C04123-MONOMER
BraA03g042860.3C,live,-0.006542364082425606,red,BRARA.C04123-MONOMER
BraA03g044250.3C,dead,0.04192248599182599,red,MONOMER4K-456
BraA03g044250.3C,live,-0.04192248599182601,red,MONOMER4K-456
BraA03g045670.3C,dead,0.015667824488121297,red,BRARA.C04377-MONOMER
BraA03g045670.3C,live,-0.015667824488121266,red,BRARA.C04377-MONOMER
BraA03g047310.3C,dead,0.007602519189817398,paleturquoise,BRARA.C04534-MONOMER
BraA03g047310.3C,live,-0.007602519189817388,paleturquoise,BRARA.C04534-MONOMER
BraA03g049900.3C,dead,0.10686432699475602,yellowgreen,BRARA.C04590-MONOMER
BraA03g049900.3C,live,-0.10686432699475606,yellowgreen,BRARA.C04590-MONOMER
BraA03g051690.3C,dead,0.15623697432011097,plum1,BRARA.K00743-MONOMER
BraA03g051690.3C,live,-0.15623697432011097,plum1,BRARA.K00743-MONOMER
BraA03g051910.3C,dead,-0.025125986145073626,red,BRARA.K01497-MONOMER
BraA03g051910.3C,live,0.025125986145073626,red,BRARA.K01497-MONOMER
BraA03g052000.3C,dead,0.11149386230486637,yellowgreen,BRARA.K01490-MONOMER
BraA03g052000.3C,live,-0.1114938623048664,yellowgreen,BRARA.K01490-MONOMER
BraA03g053860.3C,dead,0.6036466156708655,plum1,BRARA.K00070-MONOMER
BraA03g053860.3C,live,-0.6036466156708655,plum1,BRARA.K00070-MONOMER
BraA03g057650.3C,dead,-0.22916195469468265,lightyellow,BRARA.K00673-MONOMER
BraA03g057650.3C,live,0.2291619546946827,lightyellow,BRARA.K00673-MONOMER
BraA03g058420.3C,dead,-0.07440272870962476,midnightblue,BRARA.K01466-MONOMER
BraA03g058420.3C,live,0.07440272870962472,midnightblue,BRARA.K01466-MONOMER
BraA03g058890.3C,dead,0.011599320531622487,red,BRARA.K00342-MONOMER
BraA03g058890.3C,live,-0.011599320531622487,red,BRARA.K00342-MONOMER
BraA03g063310.3C,dead,-0.01129069117818783,midnightblue,BRARA.K00598-MONOMER
BraA03g063310.3C,live,0.011290691178187836,midnightblue,BRARA.K00598-MONOMER
BraA03g063610.3C,dead,-0.17406865205911626,lightyellow,BRARA.K00588-MONOMER
BraA03g063610.3C,live,0.17406865205911617,lightyellow,BRARA.K00588-MONOMER
BraA03g064230.3C,dead,0.2150741561144125,yellowgreen,BRARA.K01709-MONOMER
BraA03g064230.3C,live,-0.21507415611441247,yellowgreen,BRARA.K01709-MONOMER
BraA04g001550.3C,dead,0.08974240340969204,yellowgreen,BRARA.D00143-MONOMER
BraA04g001550.3C,live,-0.08974240340969204,yellowgreen,BRARA.D00143-MONOMER
BraA04g003220.3C,dead,0.0354710345625603,plum1,BRARA.D00280-MONOMER
BraA04g003220.3C,live,-0.0354710345625603,plum1,BRARA.D00280-MONOMER
BraA04g004820.3C,dead,0.025075775560429944,midnightblue,BRARA.D00419-MONOMER
BraA04g004820.3C,live,-0.025075775560429947,midnightblue,BRARA.D00419-MONOMER
BraA04g004880.3C,dead,0.03674663166382561,red,BRARA.D00425-MONOMER
BraA04g004880.3C,live,-0.03674663166382562,red,BRARA.D00425-MONOMER
BraA04g007480.3C,dead,0.34012729963794114,plum1,BRARA.D00633-MONOMER
BraA04g007480.3C,live,-0.34012729963794114,plum1,BRARA.D00633-MONOMER
BraA04g008870.3C,dead,0.19384989174782757,plum1,BRARA.D00731-MONOMER
BraA04g008870.3C,live,-0.19384989174782757,plum1,BRARA.D00731-MONOMER
BraA04g009580.3C,dead,0.036697226124352667,midnightblue,BRARA.D00814-MONOMER
BraA04g009580.3C,live,-0.03669722612435265,midnightblue,BRARA.D00814-MONOMER
BraA04g012870.3C,dead,0.043237724719188936,midnightblue,BRARA.D01058-MONOMER
BraA04g012870.3C,live,-0.04323772471918895,midnightblue,BRARA.D01058-MONOMER
BraA04g013440.3C,dead,0.1935645338664515,yellowgreen,BRARA.D01101-MONOMER
BraA04g013440.3C,live,-0.1935645338664516,yellowgreen,BRARA.D01101-MONOMER
BraA04g013620.3C,dead,-0.04057877167372592,paleturquoise,BRARA.D01116-MONOMER
BraA04g013620.3C,live,0.04057877167372589,paleturquoise,BRARA.D01116-MONOMER
BraA04g013850.3C,dead,0.0012588496276273132,red,BRARA.D01132-MONOMER
BraA04g013850.3C,live,-0.0012588496276273204,red,BRARA.D01132-MONOMER
BraA04g014140.3C,dead,0.17907276432427835,yellowgreen,BRARA.D01165-MONOMER
BraA04g014140.3C,live,-0.17907276432427835,yellowgreen,BRARA.D01165-MONOMER
BraA04g015350.3C,dead,0.251327000273047,lightyellow,BRARA.D01245-MONOMER
BraA04g015350.3C,live,-0.25132700027304705,lightyellow,BRARA.D01245-MONOMER
BraA04g015930.3C,dead,0.2065157824106249,lightyellow,BRARA.D01287-MONOMER
BraA04g015930.3C,live,-0.20651578241062496,lightyellow,BRARA.D01287-MONOMER
BraA04g016260.3C,dead,-0.042006713916862747,lightyellow,BRARA.D01315-MONOMER
BraA04g016260.3C,live,0.04200671391686277,lightyellow,BRARA.D01315-MONOMER
BraA04g020620.3C,dead,0.35295869701021315,yellowgreen,BRARA.D01723-MONOMER
BraA04g020620.3C,live,-0.3529586970102131,yellowgreen,BRARA.D01723-MONOMER
BraA04g021080.3C,dead,0.20754007067634,plum1,BRARA.D01764-MONOMER
BraA04g021080.3C,live,-0.20754007067633998,plum1,BRARA.D01764-MONOMER
BraA04g021100.3C,dead,0.27545655882323605,plum1,BRARA.D01767-MONOMER
BraA04g021100.3C,live,-0.27545655882323605,plum1,BRARA.D01767-MONOMER
BraA04g021120.3C,dead,0.28031437968584066,plum1,BRARA.D01769-MONOMER
BraA04g021120.3C,live,-0.2803143796858406,plum1,BRARA.D01769-MONOMER
BraA04g021300.3C,dead,0.046447489404056214,midnightblue,BRARA.D01782-MONOMER
BraA04g021300.3C,live,-0.046447489404056234,midnightblue,BRARA.D01782-MONOMER
BraA04g021500.3C,dead,0.022367941317510603,midnightblue,BRARA.D01802-MONOMER
BraA04g021500.3C,live,-0.022367941317510586,midnightblue,BRARA.D01802-MONOMER
BraA04g023060.3C,dead,0.13177131061723013,red,BRARA.D01938-MONOMER
BraA04g023060.3C,live,-0.13177131061723016,red,BRARA.D01938-MONOMER
BraA04g023130.3C,dead,-0.03862266784674422,red,BRARA.D01945-MONOMER
BraA04g023130.3C,live,0.03862266784674424,red,BRARA.D01945-MONOMER
BraA04g023850.3C,dead,0.08077498173896389,midnightblue,BRARA.D02018-MONOMER
BraA04g023850.3C,live,-0.0807749817389639,midnightblue,BRARA.D02018-MONOMER
BraA04g026300.3C,dead,0.11865970781079363,plum1,BRARA.D02256-MONOMER
BraA04g026300.3C,live,-0.11865970781079367,plum1,BRARA.D02256-MONOMER
BraA04g027300.3C,dead,0.08792588459836895,red,BRARA.D02353-MONOMER
BraA04g027300.3C,live,-0.08792588459836892,red,BRARA.D02353-MONOMER
BraA04g030680.3C,dead,0.08004138459584216,midnightblue,BRARA.D02737-MONOMER
BraA04g030680.3C,live,-0.08004138459584213,midnightblue,BRARA.D02737-MONOMER
BraA04g031710.3C,dead,-0.03967374059772033,red,BRARA.D02763-MONOMER
BraA04g031710.3C,live,0.039673740597720324,red,BRARA.D02763-MONOMER
BraA04g032220.3C,dead,-0.09282448133314063,lightyellow,BRARA.D02810-MONOMER
BraA04g032220.3C,live,0.09282448133314068,lightyellow,BRARA.D02810-MONOMER
BraA05g000080.3C,dead,0.22868314999614323,yellowgreen,BRARA.E00025-MONOMER
BraA05g000080.3C,live,-0.22868314999614323,yellowgreen,BRARA.E00025-MONOMER
BraA05g000900.3C,dead,0.162003786031828,plum1,BRARA.E00089-MONOMER
BraA05g000900.3C,live,-0.162003786031828,plum1,BRARA.E00089-MONOMER
BraA05g002290.3C,dead,0.018404855041761585,paleturquoise,BRARA.E00228-MONOMER
BraA05g002290.3C,live,-0.018404855041761595,paleturquoise,BRARA.E00228-MONOMER
BraA05g002640.3C,dead,-0.025524272461327432,midnightblue,BRARA.E00262-MONOMER
BraA05g002640.3C,live,0.025524272461327432,midnightblue,BRARA.E00262-MONOMER
BraA05g002920.3C,dead,0.002989680554034617,red,BRARA.E00289-MONOMER
BraA05g002920.3C,live,-0.0029896805540346183,red,BRARA.E00289-MONOMER
BraA05g003320.3C,dead,-0.018125356853131273,midnightblue,BRARA.E00330-MONOMER
BraA05g003320.3C,live,0.01812535685313127,midnightblue,BRARA.E00330-MONOMER
BraA05g003550.3C,dead,-0.06118369590249401,red,BRARA.E00353-MONOMER
BraA05g003550.3C,live,0.061183695902494006,red,BRARA.E00353-MONOMER
BraA05g005220.3C,dead,-0.004893722720859537,midnightblue,MONOMER4K-359
BraA05g005220.3C,live,0.004893722720859515,midnightblue,MONOMER4K-359
BraA05g005600.3C,dead,-0.047804608332240484,paleturquoise,BRARA.E00538-MONOMER
BraA05g005600.3C,live,0.04780460833224048,paleturquoise,BRARA.E00538-MONOMER
BraA05g010080.3C,dead,0.1148147074562097,yellowgreen,BRARA.E00931-MONOMER
BraA05g010080.3C,live,-0.11481470745620968,yellowgreen,BRARA.E00931-MONOMER
BraA05g011450.3C,dead,-0.13824839417253562,paleturquoise,BRARA.E01057-MONOMER
BraA05g011450.3C,live,0.13824839417253565,paleturquoise,BRARA.E01057-MONOMER
BraA05g011480.3C,dead,0.0048534751818839665,red,BRARA.E01061-MONOMER
BraA05g011480.3C,live,-0.0048534751818839735,red,BRARA.E01061-MONOMER
BraA05g014470.3C,dead,-0.06818414907009857,paleturquoise,BRARA.E01333-MONOMER
BraA05g014470.3C,live,0.06818414907009855,paleturquoise,BRARA.E01333-MONOMER
BraA05g014790.3C,dead,0.6699566214033268,plum1,BRARA.E01359-MONOMER
BraA05g014790.3C,live,-0.6699566214033269,plum1,BRARA.E01359-MONOMER
BraA05g015120.3C,dead,0.22322558806457388,plum1,BRARA.E01384-MONOMER
BraA05g015120.3C,live,-0.2232255880645739,plum1,BRARA.E01384-MONOMER
BraA05g015920.3C,dead,-0.04314278042961173,red,BRARA.E01438-MONOMER
BraA05g015920.3C,live,0.043142780429611706,red,BRARA.E01438-MONOMER
BraA05g015980.3C,dead,0.09693617401160795,red,BRARA.E01443-MONOMER
BraA05g015980.3C,live,-0.09693617401160798,red,BRARA.E01443-MONOMER
BraA05g016630.3C,dead,-0.051689629410380085,red,BRARA.E01530-MONOMER
BraA05g016630.3C,live,0.05168962941038009,red,BRARA.E01530-MONOMER
BraA05g020270.3C,dead,0.012955951909360247,red,BRARA.E01923-MONOMER
BraA05g020270.3C,live,-0.012955951909360256,red,BRARA.E01923-MONOMER
BraA05g021060.3C,dead,-0.071404570573674,lightyellow,BRARA.J02745-MONOMER
BraA05g021060.3C,live,0.07140457057367401,lightyellow,BRARA.J02745-MONOMER
BraA05g023210.3C,dead,-0.031105130516323805,red,BRARA.E01783-MONOMER
BraA05g023210.3C,live,0.031105130516323794,red,BRARA.E01783-MONOMER
BraA05g024300.3C,dead,0.1656184062675413,yellowgreen,BRARA.E01970-MONOMER
BraA05g024300.3C,live,-0.16561840626754126,yellowgreen,BRARA.E01970-MONOMER
BraA05g025360.3C,dead,-0.2357376752398106,lightyellow,BRARA.E02039-MONOMER
BraA05g025360.3C,live,0.23573767523981054,lightyellow,BRARA.E02039-MONOMER
BraA05g026930.3C,dead,0.028306039695291087,red,BRARA.E02170-MONOMER
BraA05g026930.3C,live,-0.028306039695291028,red,BRARA.E02170-MONOMER
BraA05g031030.3C,dead,-0.11820530764990425,lightyellow,BRARA.E02537-MONOMER
BraA05g031030.3C,live,0.11820530764990414,lightyellow,BRARA.E02537-MONOMER
BraA05g031160.3C,dead,-0.1602514794056041,lightyellow,BRARA.E02550-MONOMER
BraA05g031160.3C,live,0.1602514794056041,lightyellow,BRARA.E02550-MONOMER
BraA05g031510.3C,dead,0.12348165449721256,midnightblue,BRARA.E02583-MONOMER
BraA05g031510.3C,live,-0.12348165449721256,midnightblue,BRARA.E02583-MONOMER
BraA05g031760.3C,dead,-0.05626212901759073,midnightblue,BRARA.E02604-MONOMER
BraA05g031760.3C,live,0.05626212901759072,midnightblue,BRARA.E02604-MONOMER
BraA05g032080.3C,dead,0.3251289466037467,plum1,BRARA.E02637-MONOMER
BraA05g032080.3C,live,-0.3251289466037467,plum1,BRARA.E02637-MONOMER
BraA05g032140.3C,dead,0.05628082305208621,yellowgreen,BRARA.E02641-MONOMER
BraA05g032140.3C,live,-0.05628082305208623,yellowgreen,BRARA.E02641-MONOMER
BraA05g033100.3C,dead,-0.005603216880724053,red,BRARA.E02727-MONOMER
BraA05g033100.3C,live,0.005603216880724061,red,BRARA.E02727-MONOMER
BraA05g033260.3C,dead,-0.0705601907107234,red,BRARA.E02742-MONOMER
BraA05g033260.3C,live,0.07056019071072339,red,BRARA.E02742-MONOMER
BraA05g033360.3C,dead,0.7490655379984412,plum1,BRARA.E02752-MONOMER
BraA05g033360.3C,live,-0.7490655379984413,plum1,BRARA.E02752-MONOMER
BraA05g034180.3C,dead,0.5561665359306607,plum1,BRARA.E02818-MONOMER
BraA05g034180.3C,live,-0.5561665359306607,plum1,BRARA.E02818-MONOMER
BraA05g035100.3C,dead,-0.2920631751377556,lightyellow,BRARA.E02898-MONOMER
BraA05g035100.3C,live,0.2920631751377556,lightyellow,BRARA.E02898-MONOMER
BraA05g036600.3C,dead,-0.06802811672215345,red,BRARA.E03043-MONOMER
BraA05g036600.3C,live,0.06802811672215345,red,BRARA.E03043-MONOMER
BraA05g038000.3C,dead,0.3500504860297323,plum1,BRARA.E03180-MONOMER
BraA05g038000.3C,live,-0.3500504860297324,plum1,BRARA.E03180-MONOMER
BraA05g038520.3C,dead,-0.09348305091290612,midnightblue,BRARA.E03237-MONOMER
BraA05g038520.3C,live,0.09348305091290608,midnightblue,BRARA.E03237-MONOMER
BraA05g039280.3C,dead,0.13340420271346828,midnightblue,BRARA.E03313-MONOMER
BraA05g039280.3C,live,-0.13340420271346837,midnightblue,BRARA.E03313-MONOMER
BraA05g040000.3C,dead,0.03698156619981334,red,BRARA.E03409-MONOMER
BraA05g040000.3C,live,-0.036981566199813326,red,BRARA.E03409-MONOMER
BraA05g040650.3C,dead,0.07842142832899457,midnightblue,BRARA.E03652-MONOMER
BraA05g040650.3C,live,-0.07842142832899458,midnightblue,BRARA.E03652-MONOMER
BraA05g041420.3C,dead,0.12159521336284781,midnightblue,BRARA.E03561-MONOMER
BraA05g041420.3C,live,-0.1215952133628478,midnightblue,BRARA.E03561-MONOMER
BraA05g041780.3C,dead,0.015621096454621095,midnightblue,BRARA.E03526-MONOMER
BraA05g041780.3C,live,-0.01562109645462114,midnightblue,BRARA.E03526-MONOMER
BraA05g042020.3C,dead,-0.16289692814488876,lightyellow,BRARA.E03496-MONOMER
BraA05g042020.3C,live,0.1628969281448888,lightyellow,BRARA.E03496-MONOMER
BraA06g000220.3C,dead,0.14353468020895263,plum1,BRARA.F00006-MONOMER
BraA06g000220.3C,live,-0.1435346802089527,plum1,BRARA.F00006-MONOMER
BraA06g000230.3C,dead,-0.12451688842715641,red,BRARA.E00929-MONOMER
BraA06g000230.3C,live,0.1245168884271563,red,BRARA.E00929-MONOMER
BraA06g000720.3C,dead,-9.778406173201796e-4,midnightblue,BRARA.F00048-MONOMER
BraA06g000720.3C,live,9.778406173201696e-4,midnightblue,BRARA.F00048-MONOMER
BraA06g001110.3C,dead,0.013998264919145922,midnightblue,BRARA.F00092-MONOMER
BraA06g001110.3C,live,-0.013998264919145935,midnightblue,BRARA.F00092-MONOMER
BraA06g001170.3C,dead,0.06306332566755538,midnightblue,BRARA.F00097-MONOMER
BraA06g001170.3C,live,-0.0630633256675554,midnightblue,BRARA.F00097-MONOMER
BraA06g004200.3C,dead,-0.076602748714415,red,BRARA.K01439-MONOMER
BraA06g004200.3C,live,0.07660274871441501,red,BRARA.K01439-MONOMER
BraA06g006670.3C,dead,0.059685143053654195,red,BRARA.F00634-MONOMER
BraA06g006670.3C,live,-0.05968514305365416,red,BRARA.F00634-MONOMER
BraA06g009420.3C,dead,0.049139625348268726,midnightblue,BRARA.F00869-MONOMER
BraA06g009420.3C,live,-0.04913962534826874,midnightblue,BRARA.F00869-MONOMER
BraA06g009430.3C,dead,-0.0038047600198815607,midnightblue,BRARA.F00870-MONOMER
BraA06g009430.3C,live,0.0038047600198815334,midnightblue,BRARA.F00870-MONOMER
BraA06g010030.3C,dead,-0.08345388070569722,paleturquoise,BRARA.F00926-MONOMER
BraA06g010030.3C,live,0.08345388070569713,paleturquoise,BRARA.F00926-MONOMER
BraA06g011480.3C,dead,-0.08478100823601357,lightyellow,BRARA.F01057-MONOMER
BraA06g011480.3C,live,0.08478100823601356,lightyellow,BRARA.F01057-MONOMER
BraA06g015770.3C,dead,0.03855827277521048,red,BRARA.F01443-MONOMER
BraA06g015770.3C,live,-0.03855827277521043,red,BRARA.F01443-MONOMER
BraA06g015790.3C,dead,-0.002122853461429617,red,BRARA.F01445-MONOMER
BraA06g015790.3C,live,0.0021228534614296433,red,BRARA.F01445-MONOMER
BraA06g019070.3C,dead,-0.018603024263077386,red,BRARA.F01715-MONOMER
BraA06g019070.3C,live,0.01860302426307739,red,BRARA.F01715-MONOMER
BraA06g019310.3C,dead,0.025137880124919895,red,BRARA.F01734-MONOMER
BraA06g019310.3C,live,-0.02513788012491987,red,BRARA.F01734-MONOMER
BraA06g019470.3C,dead,-0.014182215768912822,red,BRARA.F01745-MONOMER
BraA06g019470.3C,live,0.014182215768912826,red,BRARA.F01745-MONOMER
BraA06g020210.3C,dead,-0.026278800354847663,red,BRARA.F01800-MONOMER
BraA06g020210.3C,live,0.026278800354847694,red,BRARA.F01800-MONOMER
BraA06g020250.3C,dead,-0.06492291139112089,lightyellow,BRARA.F01803-MONOMER
BraA06g020250.3C,live,0.06492291139112089,lightyellow,BRARA.F01803-MONOMER
BraA06g022050.3C,dead,0.20453612801913643,plum1,BRARA.F01878-MONOMER
BraA06g022050.3C,live,-0.20453612801913643,plum1,BRARA.F01878-MONOMER
BraA06g024440.3C,dead,0.25349230554988966,yellowgreen,BRARA.F02160-MONOMER
BraA06g024440.3C,live,-0.2534923055498897,yellowgreen,BRARA.F02160-MONOMER
BraA06g025940.3C,dead,-0.08944218314549646,paleturquoise,BRARA.F02116-MONOMER
BraA06g025940.3C,live,0.08944218314549639,paleturquoise,BRARA.F02116-MONOMER
BraA06g026930.3C,dead,-0.028232462498800952,red,BRARA.F02228-MONOMER
BraA06g026930.3C,live,0.028232462498800976,red,BRARA.F02228-MONOMER
BraA06g027130.3C,dead,0.07048031514238093,yellowgreen,BRARA.F02252-MONOMER
BraA06g027130.3C,live,-0.07048031514238103,yellowgreen,BRARA.F02252-MONOMER
BraA06g027810.3C,dead,-0.03834435468981667,red,BRARA.F02314-MONOMER
BraA06g027810.3C,live,0.0383443546898167,red,BRARA.F02314-MONOMER
BraA06g028100.3C,dead,0.0062150869545641585,lightyellow,BRARA.F02339-MONOMER
BraA06g028100.3C,live,-0.006215086954564144,lightyellow,BRARA.F02339-MONOMER
BraA06g028890.3C,dead,-0.015145808341489148,red,BRARA.F02411-MONOMER
BraA06g028890.3C,live,0.015145808341489153,red,BRARA.F02411-MONOMER
BraA06g032130.3C,dead,-0.1686167566275339,midnightblue,BRARA.F02688-MONOMER
BraA06g032130.3C,live,0.1686167566275339,midnightblue,BRARA.F02688-MONOMER
BraA06g032230.3C,dead,-0.18224600331717702,lightyellow,BRARA.F02698-MONOMER
BraA06g032230.3C,live,0.18224600331717702,lightyellow,BRARA.F02698-MONOMER
BraA06g034050.3C,dead,0.048257599033332016,red,BRARA.F02866-MONOMER
BraA06g034050.3C,live,-0.048257599033332,red,BRARA.F02866-MONOMER
BraA06g036100.3C,dead,-0.14394607168032703,lightyellow,BRARA.F03058-MONOMER
BraA06g036100.3C,live,0.14394607168032705,lightyellow,BRARA.F03058-MONOMER
BraA06g037550.3C,dead,0.16270632979191443,lightyellow,BRARA.F03199-MONOMER
BraA06g037550.3C,live,-0.1627063297919144,lightyellow,BRARA.F03199-MONOMER
BraA06g040500.3C,dead,0.08016049560772993,red,BRARA.F03480-MONOMER
BraA06g040500.3C,live,-0.0801604956077299,red,BRARA.F03480-MONOMER
BraA06g040650.3C,dead,-0.1008303041136586,red,BRARA.F03494-MONOMER
BraA06g040650.3C,live,0.10083030411365862,red,BRARA.F03494-MONOMER
BraA06g041210.3C,dead,-0.13194043351641146,lightyellow,BRARA.F03557-MONOMER
BraA06g041210.3C,live,0.13194043351641146,lightyellow,BRARA.F03557-MONOMER
BraA06g041350.3C,dead,0.03151223493180202,lightyellow,BRARA.F03573-MONOMER
BraA06g041350.3C,live,-0.03151223493180204,lightyellow,BRARA.F03573-MONOMER
BraA06g042290.3C,dead,0.020344474126715282,red,BRARA.F03660-MONOMER
BraA06g042290.3C,live,-0.020344474126715268,red,BRARA.F03660-MONOMER
BraA06g042780.3C,dead,-0.10585142253164398,midnightblue,BRARA.F03711-MONOMER
BraA06g042780.3C,live,0.10585142253164395,midnightblue,BRARA.F03711-MONOMER
BraA06g044050.3C,dead,-0.02012914998360234,lightyellow,BRARA.F03831-MONOMER
BraA06g044050.3C,live,0.02012914998360235,lightyellow,BRARA.F03831-MONOMER
BraA07g004440.3C,dead,-0.11403781026209037,lightyellow,BRARA.G00302-MONOMER
BraA07g004440.3C,live,0.11403781026209035,lightyellow,BRARA.G00302-MONOMER
BraA07g005240.3C,dead,0.2502510025743965,yellowgreen,BRARA.G00492-MONOMER
BraA07g005240.3C,live,-0.25025100257439653,yellowgreen,BRARA.G00492-MONOMER
BraA07g009530.3C,dead,0.08870884104356211,midnightblue,MONOMER4K-198
BraA07g009530.3C,live,-0.0887088410435621,midnightblue,MONOMER4K-198
BraA07g009790.3C,dead,0.006248978335864901,red,BRARA.G00509-MONOMER
BraA07g009790.3C,live,-0.006248978335864913,red,BRARA.G00509-MONOMER
BraA07g011320.3C,dead,-0.098909065266716,lightyellow,MONOMER4K-245
BraA07g011320.3C,live,0.09890906526671601,lightyellow,MONOMER4K-245
BraA07g012320.3C,dead,0.1916297018553205,yellowgreen,BRARA.G00863-MONOMER
BraA07g012320.3C,live,-0.19162970185532052,yellowgreen,BRARA.G00863-MONOMER
BraA07g015550.3C,dead,-0.004292921858573435,red,BRARA.G01088-MONOMER
BraA07g015550.3C,live,0.004292921858573421,red,BRARA.G01088-MONOMER
BraA07g017440.3C,dead,0.14880216633451665,yellowgreen,BRARA.G01253-MONOMER
BraA07g017440.3C,live,-0.14880216633451665,yellowgreen,BRARA.G01253-MONOMER
BraA07g017820.3C,dead,-0.08741178281690953,lightyellow,BRARA.G01283-MONOMER
BraA07g017820.3C,live,0.08741178281690953,lightyellow,BRARA.G01283-MONOMER
BraA07g018210.3C,dead,0.2017141061137474,yellowgreen,BRARA.G01317-MONOMER
BraA07g018210.3C,live,-0.20171410611374738,yellowgreen,BRARA.G01317-MONOMER
BraA07g019420.3C,dead,-0.39857355941689016,lightyellow,BRARA.G01423-MONOMER
BraA07g019420.3C,live,0.39857355941689,lightyellow,BRARA.G01423-MONOMER
BraA07g019930.3C,dead,0.13457780386199222,red,BRARA.G01460-MONOMER
BraA07g019930.3C,live,-0.13457780386199214,red,BRARA.G01460-MONOMER
BraA07g020020.3C,dead,-0.03389064935957288,red,BRARA.G01469-MONOMER
BraA07g020020.3C,live,0.033890649359572866,red,BRARA.G01469-MONOMER
BraA07g020390.3C,dead,-0.0846784786546257,paleturquoise,BRARA.G01504-MONOMER
BraA07g020390.3C,live,0.0846784786546257,paleturquoise,BRARA.G01504-MONOMER
BraA07g021100.3C,dead,-0.06307609229899643,paleturquoise,BRARA.G01572-MONOMER
BraA07g021100.3C,live,0.0630760922989964,paleturquoise,BRARA.G01572-MONOMER
BraA07g021200.3C,dead,-0.2755538942130277,lightyellow,BRARA.G01583-MONOMER
BraA07g021200.3C,live,0.2755538942130278,lightyellow,BRARA.G01583-MONOMER
BraA07g021290.3C,dead,0.12212667252473226,plum1,BRARA.G01592-MONOMER
BraA07g021290.3C,live,-0.12212667252473226,plum1,BRARA.G01592-MONOMER
BraA07g021760.3C,dead,0.06407790352415037,lightyellow,BRARA.G01634-MONOMER
BraA07g021760.3C,live,-0.0640779035241504,lightyellow,BRARA.G01634-MONOMER
BraA07g022930.3C,dead,-0.02038329852416874,red,BRARA.G01744-MONOMER
BraA07g022930.3C,live,0.020383298524168737,red,BRARA.G01744-MONOMER
BraA07g023430.3C,dead,0.02084649020641304,red,BRARA.G01800-MONOMER
BraA07g023430.3C,live,-0.02084649020641304,red,BRARA.G01800-MONOMER
BraA07g024620.3C,dead,-0.012616782585101906,red,BRARA.G01920-MONOMER
BraA07g024620.3C,live,0.012616782585101915,red,BRARA.G01920-MONOMER
BraA07g024650.3C,dead,-0.013770463311263807,red,BRARA.G01924-MONOMER
BraA07g024650.3C,live,0.013770463311263805,red,BRARA.G01924-MONOMER
BraA07g025340.3C,dead,-0.1694084242740812,lightyellow,BRARA.G01992-MONOMER
BraA07g025340.3C,live,0.16940842427408123,lightyellow,BRARA.G01992-MONOMER
BraA07g025780.3C,dead,-0.002759942831571233,lightyellow,BRARA.G02031-MONOMER
BraA07g025780.3C,live,0.0027599428315712273,lightyellow,BRARA.G02031-MONOMER
BraA07g026180.3C,dead,0.054689770633146825,yellowgreen,MONOMER4K-232
BraA07g026180.3C,live,-0.05468977063314689,yellowgreen,MONOMER4K-232
BraA07g027260.3C,dead,0.17249013803721305,yellowgreen,MONOMER4K-231
BraA07g027260.3C,live,-0.17249013803721305,yellowgreen,MONOMER4K-231
BraA07g028320.3C,dead,-0.03555586768193681,red,BRARA.G02282-MONOMER
BraA07g028320.3C,live,0.03555586768193682,red,BRARA.G02282-MONOMER
BraA07g028670.3C,dead,0.1609928272798418,yellowgreen,MONOMER4K-205
BraA07g028670.3C,live,-0.1609928272798417,yellowgreen,MONOMER4K-205
BraA07g029220.3C,dead,0.20861239992032904,plum1,BRARA.G02364-MONOMER
BraA07g029220.3C,live,-0.208612399920329,plum1,BRARA.G02364-MONOMER
BraA07g029530.3C,dead,0.00816216416657184,red,BRARA.G02401-MONOMER
BraA07g029530.3C,live,-0.00816216416657186,red,BRARA.G02401-MONOMER
BraA07g030960.3C,dead,0.022840607479778473,lightyellow,BRARA.G02539-MONOMER
BraA07g030960.3C,live,-0.022840607479778487,lightyellow,BRARA.G02539-MONOMER
BraA07g031570.3C,dead,-0.21413782434871226,paleturquoise,BRARA.G02592-MONOMER
BraA07g031570.3C,live,0.2141378243487123,paleturquoise,BRARA.G02592-MONOMER
BraA07g033010.3C,dead,0.03526466573505742,paleturquoise,BRARA.G02732-MONOMER
BraA07g033010.3C,live,-0.035264665735057404,paleturquoise,BRARA.G02732-MONOMER
BraA07g033900.3C,dead,-0.11865171327604782,paleturquoise,BRARA.G02830-MONOMER
BraA07g033900.3C,live,0.11865171327604787,paleturquoise,BRARA.G02830-MONOMER
BraA07g034950.3C,dead,0.19086052759473932,yellowgreen,BRARA.G02939-MONOMER
BraA07g034950.3C,live,-0.19086052759473932,yellowgreen,BRARA.G02939-MONOMER
BraA07g036140.3C,dead,0.0015453677944991557,red,BRARA.G03060-MONOMER
BraA07g036140.3C,live,-0.001545367794499184,red,BRARA.G03060-MONOMER
BraA07g037210.3C,dead,0.021539112358569517,lightyellow,BRARA.G03296-MONOMER
BraA07g037210.3C,live,-0.021539112358569482,lightyellow,BRARA.G03296-MONOMER
BraA07g038670.3C,dead,0.0203260046592992,paleturquoise,BRARA.G03316-MONOMER
BraA07g038670.3C,live,-0.020326004659299193,paleturquoise,BRARA.G03316-MONOMER
BraA07g038840.3C,dead,-0.03433360895434763,red,BRARA.G03334-MONOMER
BraA07g038840.3C,live,0.03433360895434759,red,BRARA.G03334-MONOMER
BraA07g038900.3C,dead,-0.12204452448304855,yellowgreen,BRARA.G03340-MONOMER
BraA07g038900.3C,live,0.12204452448304852,yellowgreen,BRARA.G03340-MONOMER
BraA07g039550.3C,dead,0.1317716478170068,lightyellow,BRARA.G03401-MONOMER
BraA07g039550.3C,live,-0.13177164781700682,lightyellow,BRARA.G03401-MONOMER
BraA07g039940.3C,dead,-5.3288606210886e-4,paleturquoise,BRARA.G03434-MONOMER
BraA07g039940.3C,live,5.328860621088329e-4,paleturquoise,BRARA.G03434-MONOMER
BraA07g040960.3C,dead,0.22963923718432494,yellowgreen,BRARA.G03530-MONOMER
BraA07g040960.3C,live,-0.2296392371843249,yellowgreen,BRARA.G03530-MONOMER
BraA07g041460.3C,dead,0.2650568095788952,plum1,BRARA.G03577-MONOMER
BraA07g041460.3C,live,-0.26505680957889527,plum1,BRARA.G03577-MONOMER
BraA07g041620.3C,dead,0.006147015639740567,midnightblue,BRARA.G03591-MONOMER
BraA07g041620.3C,live,-0.006147015639740566,midnightblue,BRARA.G03591-MONOMER
BraA07g042030.3C,dead,-0.572077141491307,lightyellow,BRARA.G03627-MONOMER
BraA07g042030.3C,live,0.5720771414913071,lightyellow,BRARA.G03627-MONOMER
BraA07g042210.3C,dead,0.03025249094364806,midnightblue,BRARA.G03647-MONOMER
BraA07g042210.3C,live,-0.030252490943648073,midnightblue,BRARA.G03647-MONOMER
BraA07g043000.3C,dead,0.10563826985707116,red,BRARA.G03729-MONOMER
BraA07g043000.3C,live,-0.10563826985707116,red,BRARA.G03729-MONOMER
BraA08g000640.3C,dead,0.02194559335625811,red,BRARA.H00050-MONOMER
BraA08g000640.3C,live,-0.021945593356258068,red,BRARA.H00050-MONOMER
BraA08g001300.3C,dead,0.0879464480427464,midnightblue,BRARA.H00111-MONOMER
BraA08g001300.3C,live,-0.08794644804274637,midnightblue,BRARA.H00111-MONOMER
BraA08g001880.3C,dead,-0.07749554900066717,midnightblue,BRARA.H00154-MONOMER
BraA08g001880.3C,live,0.07749554900066721,midnightblue,BRARA.H00154-MONOMER
BraA08g001950.3C,dead,0.06422782061657221,midnightblue,BRARA.H00163-MONOMER
BraA08g001950.3C,live,-0.06422782061657234,midnightblue,BRARA.H00163-MONOMER
BraA08g004340.3C,dead,0.0444632927587823,midnightblue,BRARA.H00348-MONOMER
BraA08g004340.3C,live,-0.04446329275878232,midnightblue,BRARA.H00348-MONOMER
BraA08g005110.3C,dead,0.10612317021048275,midnightblue,BRARA.H00407-MONOMER
BraA08g005110.3C,live,-0.10612317021048276,midnightblue,BRARA.H00407-MONOMER
BraA08g008900.3C,dead,-0.006825092784465836,red,BRARA.H00581-MONOMER
BraA08g008900.3C,live,0.006825092784465861,red,BRARA.H00581-MONOMER
BraA08g011240.3C,dead,0.2648766888074597,plum1,BRARA.H00808-MONOMER
BraA08g011240.3C,live,-0.2648766888074597,plum1,BRARA.H00808-MONOMER
BraA08g011510.3C,dead,-0.13983894960062299,lightyellow,BRARA.H00833-MONOMER
BraA08g011510.3C,live,0.13983894960062296,lightyellow,BRARA.H00833-MONOMER
BraA08g015220.3C,dead,-0.08346860524267227,red,BRARA.H01137-MONOMER
BraA08g015220.3C,live,0.08346860524267229,red,BRARA.H01137-MONOMER
BraA08g016150.3C,dead,0.1211344562780716,red,BRARA.H01224-MONOMER
BraA08g016150.3C,live,-0.12113445627807158,red,BRARA.H01224-MONOMER
BraA08g016160.3C,dead,0.29053364191096787,plum1,BRARA.H01225-MONOMER
BraA08g016160.3C,live,-0.29053364191096787,plum1,BRARA.H01225-MONOMER
BraA08g016770.3C,dead,-0.4391244154577589,lightyellow,BRARA.H01283-MONOMER
BraA08g016770.3C,live,0.4391244154577588,lightyellow,BRARA.H01283-MONOMER
BraA08g017240.3C,dead,0.5047145692930182,plum1,MONOMER4K-15
BraA08g017240.3C,live,-0.5047145692930182,plum1,MONOMER4K-15
BraA08g018860.3C,dead,0.004408277890016727,midnightblue,BRARA.H01467-MONOMER
BraA08g018860.3C,live,-0.004408277890016786,midnightblue,BRARA.H01467-MONOMER
BraA08g020190.3C,dead,0.15180590043275818,plum1,BRARA.H01586-MONOMER
BraA08g020190.3C,live,-0.15180590043275816,plum1,BRARA.H01586-MONOMER
BraA08g023100.3C,dead,-0.03185971323485306,red,BRARA.H01870-MONOMER
BraA08g023100.3C,live,0.031859713234853086,red,BRARA.H01870-MONOMER
BraA08g025060.3C,dead,0.14508213090316513,yellowgreen,BRARA.H02067-MONOMER
BraA08g025060.3C,live,-0.14508213090316507,yellowgreen,BRARA.H02067-MONOMER
BraA08g025140.3C,dead,0.1494253566373847,midnightblue,BRARA.H02075-MONOMER
BraA08g025140.3C,live,-0.14942535663738468,midnightblue,BRARA.H02075-MONOMER
BraA08g026340.3C,dead,0.20151404520838823,lightyellow,BRARA.H02194-MONOMER
BraA08g026340.3C,live,-0.2015140452083881,lightyellow,BRARA.H02194-MONOMER
BraA08g027110.3C,dead,0.04301831845580646,lightyellow,BRARA.H02263-MONOMER
BraA08g027110.3C,live,-0.04301831845580646,lightyellow,BRARA.H02263-MONOMER
BraA08g027890.3C,dead,-0.04367779749011141,midnightblue,BRARA.H02334-MONOMER
BraA08g027890.3C,live,0.0436777974901114,midnightblue,BRARA.H02334-MONOMER
BraA08g027950.3C,dead,0.022972673927494726,red,BRARA.H02340-MONOMER
BraA08g027950.3C,live,-0.022972673927494754,red,BRARA.H02340-MONOMER
BraA08g028900.3C,dead,-0.229639850649173,lightyellow,BRARA.H02436-MONOMER
BraA08g028900.3C,live,0.22963985064917303,lightyellow,BRARA.H02436-MONOMER
BraA08g030080.3C,dead,0.09897657389007959,midnightblue,BRARA.H02560-MONOMER
BraA08g030080.3C,live,-0.09897657389007967,midnightblue,BRARA.H02560-MONOMER
BraA08g030720.3C,dead,0.044194651040167246,red,BRARA.H02632-MONOMER
BraA08g030720.3C,live,-0.044194651040167295,red,BRARA.H02632-MONOMER
BraA08g034890.3C,dead,0.11092201440405013,midnightblue,BRARA.H03050-MONOMER
BraA08g034890.3C,live,-0.11092201440405018,midnightblue,BRARA.H03050-MONOMER
BraA09g000670.3C,dead,0.5527815016173242,plum1,BRARA.I00009-MONOMER
BraA09g000670.3C,live,-0.5527815016173242,plum1,BRARA.I00009-MONOMER
BraA09g001210.3C,dead,-0.08190403819196443,paleturquoise,BRARA.I00208-MONOMER
BraA09g001210.3C,live,0.08190403819196443,paleturquoise,BRARA.I00208-MONOMER
BraA09g002120.3C,dead,0.10762688902190096,red,BRARA.I00126-MONOMER
BraA09g002120.3C,live,-0.10762688902190096,red,BRARA.I00126-MONOMER
BraA09g004370.3C,dead,-0.01671295196170889,midnightblue,BRARA.I00410-MONOMER
BraA09g004370.3C,live,0.016712951961708942,midnightblue,BRARA.I00410-MONOMER
BraA09g004710.3C,dead,0.011751862040545983,midnightblue,BRARA.I00431-MONOMER
BraA09g004710.3C,live,-0.011751862040545985,midnightblue,BRARA.I00431-MONOMER
BraA09g004820.3C,dead,0.2526560166419799,plum1,BRARA.I00442-MONOMER
BraA09g004820.3C,live,-0.2526560166419799,plum1,BRARA.I00442-MONOMER
BraA09g005080.3C,dead,-0.027429029749749725,red,BRARA.I00465-MONOMER
BraA09g005080.3C,live,0.027429029749749742,red,BRARA.I00465-MONOMER
BraA09g006630.3C,dead,0.11893353303547018,yellowgreen,BRARA.I00624-MONOMER
BraA09g006630.3C,live,-0.1189335330354702,yellowgreen,BRARA.I00624-MONOMER
BraA09g007870.3C,dead,0.0532760244674221,midnightblue,BRARA.I00745-MONOMER
BraA09g007870.3C,live,-0.05327602446742208,midnightblue,BRARA.I00745-MONOMER
BraA09g009450.3C,dead,-0.3231914404994603,lightyellow,BRARA.I00891-MONOMER
BraA09g009450.3C,live,0.3231914404994602,lightyellow,BRARA.I00891-MONOMER
BraA09g010060.3C,dead,0.033830353221654216,midnightblue,BRARA.I00955-MONOMER
BraA09g010060.3C,live,-0.03383035322165422,midnightblue,BRARA.I00955-MONOMER
BraA09g010360.3C,dead,0.34879902526564327,yellowgreen,BRARA.I00981-MONOMER
BraA09g010360.3C,live,-0.3487990252656433,yellowgreen,BRARA.I00981-MONOMER
BraA09g012280.3C,dead,-0.06032998516799147,red,BRARA.I01158-MONOMER
BraA09g012280.3C,live,0.060329985167991415,red,BRARA.I01158-MONOMER
BraA09g013400.3C,dead,-0.011019708157773566,midnightblue,BRARA.I01256-MONOMER
BraA09g013400.3C,live,0.01101970815777354,midnightblue,BRARA.I01256-MONOMER
BraA09g013500.3C,dead,0.10255638517429666,yellowgreen,BRARA.I01266-MONOMER
BraA09g013500.3C,live,-0.10255638517429665,yellowgreen,BRARA.I01266-MONOMER
BraA09g014610.3C,dead,0.03863122252163121,midnightblue,BRARA.I01346-MONOMER
BraA09g014610.3C,live,-0.03863122252163121,midnightblue,BRARA.I01346-MONOMER
BraA09g015120.3C,dead,-0.03405111288546096,red,BRARA.I01387-MONOMER
BraA09g015120.3C,live,0.03405111288546095,red,BRARA.I01387-MONOMER
BraA09g015540.3C,dead,-0.02291817643310144,red,BRARA.I01425-MONOMER
BraA09g015540.3C,live,0.022918176433101442,red,BRARA.I01425-MONOMER
BraA09g015550.3C,dead,0.7201864348531485,plum1,BRARA.I01426-MONOMER
BraA09g015550.3C,live,-0.7201864348531485,plum1,BRARA.I01426-MONOMER
BraA09g017610.3C,dead,-0.018171173277898023,lightyellow,BRARA.I01602-MONOMER
BraA09g017610.3C,live,0.018171173277897978,lightyellow,BRARA.I01602-MONOMER
BraA09g018750.3C,dead,0.02968443489511549,red,BRARA.I01704-MONOMER
BraA09g018750.3C,live,-0.02968443489511555,red,BRARA.I01704-MONOMER
BraA09g020570.3C,dead,0.003712535800733493,midnightblue,BRARA.I01845-MONOMER
BraA09g020570.3C,live,-0.0037125358007335544,midnightblue,BRARA.I01845-MONOMER
BraA09g022960.3C,dead,-0.019984065458433616,red,BRARA.I02008-MONOMER
BraA09g022960.3C,live,0.019984065458433606,red,BRARA.I02008-MONOMER
BraA09g023620.3C,dead,0.04707632411025531,red,BRARA.I02064-MONOMER
BraA09g023620.3C,live,-0.04707632411025535,red,BRARA.I02064-MONOMER
BraA09g024860.3C,dead,0.0903719126870782,yellowgreen,BRARA.I02130-MONOMER
BraA09g024860.3C,live,-0.0903719126870782,yellowgreen,BRARA.I02130-MONOMER
BraA09g025320.3C,dead,-0.13867487324034633,lightyellow,BRARA.I02189-MONOMER
BraA09g025320.3C,live,0.13867487324034633,lightyellow,BRARA.I02189-MONOMER
BraA09g025510.3C,dead,0.0887923601438941,lightyellow,BRARA.I02198-MONOMER
BraA09g025510.3C,live,-0.08879236014389412,lightyellow,BRARA.I02198-MONOMER
BraA09g025690.3C,dead,0.13733489652747485,yellowgreen,BRARA.I02216-MONOMER
BraA09g025690.3C,live,-0.1373348965274749,yellowgreen,BRARA.I02216-MONOMER
BraA09g027190.3C,dead,-0.039061511262892236,lightyellow,BRARA.I02341-MONOMER
BraA09g027190.3C,live,0.039061511262892167,lightyellow,BRARA.I02341-MONOMER
BraA09g028520.3C,dead,0.07824851391719068,yellowgreen,BRARA.I02312-MONOMER
BraA09g028520.3C,live,-0.07824851391719073,yellowgreen,BRARA.I02312-MONOMER
BraA09g029920.3C,dead,-0.0740008017505316,midnightblue,BRARA.I02496-MONOMER
BraA09g029920.3C,live,0.07400080175053164,midnightblue,BRARA.I02496-MONOMER
BraA09g032920.3C,dead,0.03432095588432427,lightyellow,BRARA.I02607-MONOMER
BraA09g032920.3C,live,-0.034320955884324246,lightyellow,BRARA.I02607-MONOMER
BraA09g034540.3C,dead,0.28868901291457527,yellowgreen,BRARA.I02805-MONOMER
BraA09g034540.3C,live,-0.28868901291457527,yellowgreen,BRARA.I02805-MONOMER
BraA09g034920.3C,dead,0.010694926814537832,red,BRARA.I02843-MONOMER
BraA09g034920.3C,live,-0.010694926814537821,red,BRARA.I02843-MONOMER
BraA09g035170.3C,dead,-0.08578707438738167,red,BRARA.I02858-MONOMER
BraA09g035170.3C,live,0.08578707438738167,red,BRARA.I02858-MONOMER
BraA09g036060.3C,dead,0.27396159350571886,plum1,BRARA.I02926-MONOMER
BraA09g036060.3C,live,-0.27396159350571886,plum1,BRARA.I02926-MONOMER
BraA09g037260.3C,dead,0.06831016808964363,midnightblue,BRARA.I03033-MONOMER
BraA09g037260.3C,live,-0.06831016808964362,midnightblue,BRARA.I03033-MONOMER
BraA09g037300.3C,dead,-0.07109517060004514,paleturquoise,BRARA.I03038-MONOMER
BraA09g037300.3C,live,0.07109517060004515,paleturquoise,BRARA.I03038-MONOMER
BraA09g039330.3C,dead,0.020512622875718242,red,BRARA.I03202-MONOMER
BraA09g039330.3C,live,-0.020512622875718242,red,BRARA.I03202-MONOMER
BraA09g039860.3C,dead,-0.02246663815813685,red,BRARA.I03246-MONOMER
BraA09g039860.3C,live,0.02246663815813684,red,BRARA.I03246-MONOMER
BraA09g040150.3C,dead,0.09863625795202804,yellowgreen,BRARA.I03274-MONOMER
BraA09g040150.3C,live,-0.09863625795202809,yellowgreen,BRARA.I03274-MONOMER
BraA09g041460.3C,dead,-0.1350016313739053,lightyellow,BRARA.I03380-MONOMER
BraA09g041460.3C,live,0.13500163137390528,lightyellow,BRARA.I03380-MONOMER
BraA09g042540.3C,dead,0.05549172930246758,red,BRARA.I03465-MONOMER
BraA09g042540.3C,live,-0.055491729302467624,red,BRARA.I03465-MONOMER
BraA09g044140.3C,dead,-0.08426243424214426,midnightblue,BRARA.I03608-MONOMER
BraA09g044140.3C,live,0.08426243424214425,midnightblue,BRARA.I03608-MONOMER
BraA09g045420.3C,dead,-0.048524100274346116,red,BRARA.I03716-MONOMER
BraA09g045420.3C,live,0.04852410027434612,red,BRARA.I03716-MONOMER
BraA09g046170.3C,dead,0.02704724736494101,paleturquoise,BRARA.I03785-MONOMER
BraA09g046170.3C,live,-0.027047247364941,paleturquoise,BRARA.I03785-MONOMER
BraA09g046250.3C,dead,-0.02992908372971152,red,BRARA.I03793-MONOMER
BraA09g046250.3C,live,0.029929083729711585,red,BRARA.I03793-MONOMER
BraA09g047230.3C,dead,-0.04085142642791122,paleturquoise,BRARA.I03890-MONOMER
BraA09g047230.3C,live,0.04085142642791124,paleturquoise,BRARA.I03890-MONOMER
BraA09g048600.3C,dead,-0.032424127786344334,red,BRARA.I04008-MONOMER
BraA09g048600.3C,live,0.03242412778634433,red,BRARA.I04008-MONOMER
BraA09g048700.3C,dead,0.03138326147048482,red,BRARA.I04017-MONOMER
BraA09g048700.3C,live,-0.03138326147048481,red,BRARA.I04017-MONOMER
BraA09g049420.3C,dead,-0.09983479243721316,midnightblue,BRARA.I04088-MONOMER
BraA09g049420.3C,live,0.09983479243721316,midnightblue,BRARA.I04088-MONOMER
BraA09g050940.3C,dead,0.1672911451179729,plum1,BRARA.I04230-MONOMER
BraA09g050940.3C,live,-0.1672911451179729,plum1,BRARA.I04230-MONOMER
BraA09g051150.3C,dead,0.1831159275665741,yellowgreen,BRARA.I04250-MONOMER
BraA09g051150.3C,live,-0.1831159275665741,yellowgreen,BRARA.I04250-MONOMER
BraA09g054360.3C,dead,0.18113329139541628,paleturquoise,BRARA.I04544-MONOMER
BraA09g054360.3C,live,-0.18113329139541628,paleturquoise,BRARA.I04544-MONOMER
BraA09g055020.3C,dead,-0.0893758496627956,lightyellow,BRARA.I04594-MONOMER
BraA09g055020.3C,live,0.0893758496627956,lightyellow,BRARA.I04594-MONOMER
BraA09g055130.3C,dead,-0.032831505008937986,red,BRARA.I04605-MONOMER
BraA09g055130.3C,live,0.03283150500893797,red,BRARA.I04605-MONOMER
BraA09g060910.3C,dead,-0.1886758991528721,lightyellow,BRARA.I05131-MONOMER
BraA09g060910.3C,live,0.18867589915287208,lightyellow,BRARA.I05131-MONOMER
BraA09g060970.3C,dead,0.275592665139894,yellowgreen,BRARA.I05137-MONOMER
BraA09g060970.3C,live,-0.275592665139894,yellowgreen,BRARA.I05137-MONOMER
BraA09g062130.3C,dead,0.01345916997484475,red,BRARA.I05247-MONOMER
BraA09g062130.3C,live,-0.01345916997484477,red,BRARA.I05247-MONOMER
BraA09g063700.3C,dead,-0.06255940843073841,lightyellow,BRARA.I05390-MONOMER
BraA09g063700.3C,live,0.0625594084307385,lightyellow,BRARA.I05390-MONOMER
BraA09g063880.3C,dead,0.0030757638580647013,red,BRARA.I05404-MONOMER
BraA09g063880.3C,live,-0.0030757638580646723,red,BRARA.I05404-MONOMER
BraA09g065580.3C,dead,-0.02403000435679045,lightyellow,BRARA.I05555-MONOMER
BraA09g065580.3C,live,0.024030004356790438,lightyellow,BRARA.I05555-MONOMER
BraA09g066170.3C,dead,0.31039326544508955,plum1,BRARA.I05641-MONOMER
BraA09g066170.3C,live,-0.3103932654450896,plum1,BRARA.I05641-MONOMER
BraA09g066190.3C,dead,-0.0792669875882101,paleturquoise,BRARA.I05639-MONOMER
BraA09g066190.3C,live,0.07926698758821005,paleturquoise,BRARA.I05639-MONOMER
BraA09g066200.3C,dead,-0.04373051482583046,paleturquoise,BRARA.I05638-MONOMER
BraA09g066200.3C,live,0.04373051482583042,paleturquoise,BRARA.I05638-MONOMER
BraA10g000410.3C,dead,-0.05919703698387477,paleturquoise,BRARA.J00035-MONOMER
BraA10g000410.3C,live,0.05919703698387478,paleturquoise,BRARA.J00035-MONOMER
BraA10g000420.3C,dead,-0.09885599481448748,paleturquoise,BRARA.J00036-MONOMER
BraA10g000420.3C,live,0.0988559948144875,paleturquoise,BRARA.J00036-MONOMER
BraA10g001530.3C,dead,-0.014565859700422096,red,MONOMER4K-486
BraA10g001530.3C,live,0.014565859700422082,red,MONOMER4K-486
BraA10g001880.3C,dead,-0.014592071143609915,midnightblue,BRARA.J00172-MONOMER
BraA10g001880.3C,live,0.01459207114360982,midnightblue,BRARA.J00172-MONOMER
BraA10g002100.3C,dead,0.05079511251756554,red,BRARA.J00188-MONOMER
BraA10g002100.3C,live,-0.05079511251756554,red,BRARA.J00188-MONOMER
BraA10g002770.3C,dead,-0.03977442340941351,paleturquoise,BRARA.J00238-MONOMER
BraA10g002770.3C,live,0.03977442340941354,paleturquoise,BRARA.J00238-MONOMER
BraA10g002890.3C,dead,-0.12874427153861331,red,BRARA.J00248-MONOMER
BraA10g002890.3C,live,0.12874427153861331,red,BRARA.J00248-MONOMER
BraA10g005500.3C,dead,0.011798352061628072,lightyellow,BRARA.J00469-MONOMER
BraA10g005500.3C,live,-0.011798352061628044,lightyellow,BRARA.J00469-MONOMER
BraA10g006590.3C,dead,0.07399762716187326,midnightblue,BRARA.J00539-MONOMER
BraA10g006590.3C,live,-0.07399762716187325,midnightblue,BRARA.J00539-MONOMER
BraA10g007140.3C,dead,0.14860045713430978,red,BRARA.J00598-MONOMER
BraA10g007140.3C,live,-0.14860045713430975,red,BRARA.J00598-MONOMER
BraA10g007880.3C,dead,-0.06919750206082555,lightyellow,BRARA.J00672-MONOMER
BraA10g007880.3C,live,0.06919750206082555,lightyellow,BRARA.J00672-MONOMER
BraA10g008260.3C,dead,-0.18984345209463727,plum1,BRARA.J00580-MONOMER
BraA10g008260.3C,live,0.18984345209463727,plum1,BRARA.J00580-MONOMER
BraA10g012330.3C,dead,1.6518992800685015e-4,red,BRARA.J00898-MONOMER
BraA10g012330.3C,live,-1.6518992800677035e-4,red,BRARA.J00898-MONOMER
BraA10g013330.3C,dead,0.03133515990064938,midnightblue,BRARA.J00990-MONOMER
BraA10g013330.3C,live,-0.031335159900649376,midnightblue,BRARA.J00990-MONOMER
BraA10g013790.3C,dead,-0.018093510804745673,red,BRARA.J01029-MONOMER
BraA10g013790.3C,live,0.018093510804745666,red,BRARA.J01029-MONOMER
BraA10g015690.3C,dead,0.24191687264517706,lightyellow,BRARA.J01171-MONOMER
BraA10g015690.3C,live,-0.24191687264517706,lightyellow,BRARA.J01171-MONOMER
BraA10g016760.3C,dead,-0.0409578322380493,paleturquoise,BRARA.J01273-MONOMER
BraA10g016760.3C,live,0.04095783223804936,paleturquoise,BRARA.J01273-MONOMER
BraA10g019790.3C,dead,-0.008129478266449547,red,BRARA.J01541-MONOMER
BraA10g019790.3C,live,0.008129478266449544,red,BRARA.J01541-MONOMER
BraA10g020320.3C,dead,0.02528561154339273,lightyellow,BRARA.J01587-MONOMER
BraA10g020320.3C,live,-0.02528561154339272,lightyellow,BRARA.J01587-MONOMER
BraA10g020910.3C,dead,-0.10493873234759091,paleturquoise,BRARA.J01645-MONOMER
BraA10g020910.3C,live,0.10493873234759095,paleturquoise,BRARA.J01645-MONOMER
BraA10g021520.3C,dead,-0.007954644260725128,red,MONOMER4K-501
BraA10g021520.3C,live,0.007954644260725117,red,MONOMER4K-501
BraA10g022900.3C,dead,-0.0395500445273539,midnightblue,BRARA.J01840-MONOMER
BraA10g022900.3C,live,0.039550044527353896,midnightblue,BRARA.J01840-MONOMER
BraA10g023190.3C,dead,-0.3165320758696393,lightyellow,BRARA.J01873-MONOMER
BraA10g023190.3C,live,0.31653207586963933,lightyellow,BRARA.J01873-MONOMER
BraA10g023310.3C,dead,-0.005668269868353083,red,BRARA.J01883-MONOMER
BraA10g023310.3C,live,0.005668269868353084,red,BRARA.J01883-MONOMER
BraA10g023380.3C,dead,-0.07560897847597337,paleturquoise,BRARA.J01891-MONOMER
BraA10g023380.3C,live,0.07560897847597338,paleturquoise,BRARA.J01891-MONOMER
BraA10g025260.3C,dead,-0.17619510834007526,paleturquoise,BRARA.J02080-MONOMER
BraA10g025260.3C,live,0.17619510834007535,paleturquoise,BRARA.J02080-MONOMER
BraA10g025440.3C,dead,0.1003953957012364,red,BRARA.J02099-MONOMER
BraA10g025440.3C,live,-0.10039539570123639,red,BRARA.J02099-MONOMER
BraA10g025480.3C,dead,-0.010721633301514748,red,BRARA.J02103-MONOMER
BraA10g025480.3C,live,0.01072163330151473,red,BRARA.J02103-MONOMER
BraA10g025800.3C,dead,0.01180178630043895,lightyellow,BRARA.J02137-MONOMER
BraA10g025800.3C,live,-0.011801786300438979,lightyellow,BRARA.J02137-MONOMER
BraA10g026300.3C,dead,-0.14788822805912846,lightyellow,BRARA.J02188-MONOMER
BraA10g026300.3C,live,0.1478882280591285,lightyellow,BRARA.J02188-MONOMER
BraA10g028200.3C,dead,-0.16372146052368014,red,BRARA.J02674-MONOMER
BraA10g028200.3C,live,0.1637214605236802,red,BRARA.J02674-MONOMER
BraA10g028700.3C,dead,0.040208061439258966,red,BRARA.J02622-MONOMER
BraA10g028700.3C,live,-0.04020806143925897,red,BRARA.J02622-MONOMER
BraA10g028770.3C,dead,-0.028441475257714767,red,BRARA.J02614-MONOMER
BraA10g028770.3C,live,0.028441475257714767,red,BRARA.J02614-MONOMER
BraA10g028830.3C,dead,-0.19775401988996158,paleturquoise,BRARA.J02607-MONOMER
BraA10g028830.3C,live,0.19775401988996158,paleturquoise,BRARA.J02607-MONOMER
BraA10g029950.3C,dead,-0.014033185667683554,red,BRARA.J02501-MONOMER
BraA10g029950.3C,live,0.014033185667683558,red,BRARA.J02501-MONOMER
BraA10g030090.3C,dead,-0.2729625548914441,paleturquoise,BRARA.J02488-MONOMER
BraA10g030090.3C,live,0.2729625548914441,paleturquoise,BRARA.J02488-MONOMER
BraA10g030250.3C,dead,7.929374316528098e-4,red,BRARA.J02472-MONOMER
BraA10g030250.3C,live,-7.929374316528327e-4,red,BRARA.J02472-MONOMER
BraA10g030320.3C,dead,-0.008363125203627718,lightyellow,BRARA.J02466-MONOMER
BraA10g030320.3C,live,0.00836312520362773,lightyellow,BRARA.J02466-MONOMER
BraA10g030600.3C,dead,0.08777112638281874,midnightblue,BRARA.J02437-MONOMER
BraA10g030600.3C,live,-0.08777112638281864,midnightblue,BRARA.J02437-MONOMER
BraA10g030890.3C,dead,0.044553853789312106,yellowgreen,BRARA.J02414-MONOMER
BraA10g030890.3C,live,-0.044553853789312106,yellowgreen,BRARA.J02414-MONOMER
BraA10g031320.3C,dead,0.14989847305562154,yellowgreen,BRARA.J02370-MONOMER
BraA10g031320.3C,live,-0.14989847305562157,yellowgreen,BRARA.J02370-MONOMER
