name,category,over_represented_pvalue,under_represented_pvalue,numDEInCat,numInCat,over_represented_padjust,value
leaf.voom5.module.signedhybrid_antiquewhite4,cold_root_FC_down,1.378086108341513e-4,0.9999335355724094,41,3632,0.00633919609837096,NA
leaf.voom5.module.signedhybrid_bisque4,plusMg_shoot_FC_up,3.5625849646251807e-134,1,385,3281,1.638789083727583e-132,NA
leaf.voom5.module.signedhybrid_bisque4,minusMg_shoot_FC_up,1.2719868144201901e-129,1,523,6519,2.9255696731664373e-128,NA
leaf.voom5.module.signedhybrid_bisque4,minusPi_shoot_FC_up,4.072041981350247e-93,1,339,3401,6.243797704737046e-92,NA
leaf.voom5.module.signedhybrid_bisque4,minusK_root_FC_up,1.021376308746446e-66,1,190,1525,1.174582755058413e-65,NA
leaf.voom5.module.signedhybrid_bisque4,cold_root_FC_up,1.546116726580235e-61,1,214,2073,1.4224273884538162e-60,NA
leaf.voom5.module.signedhybrid_bisque4,heat_root_FC_down,7.860206423019381e-46,1,267,3584,6.026158257648192e-45,NA
leaf.voom5.module.signedhybrid_bisque4,plusMg_root_FC_down,3.5579642414122487e-38,1,102,825,2.338090787213763e-37,NA
leaf.voom5.module.signedhybrid_bisque4,minusPi_root_FC_up,2.2927062674787526e-30,1,204,3188,1.3183061038002827e-29,NA
leaf.voom5.module.signedhybrid_bisque4,minusFe_root_FC_up,4.55907966521489e-29,1,143,1826,2.3301962733320547e-28,NA
leaf.voom5.module.signedhybrid_bisque4,cold_shoot_FC_up,1.452178127240688e-28,1,197,3013,6.680019385307164e-28,NA
leaf.voom5.module.signedhybrid_bisque4,minusMg_root_FC_up,2.0042848863810432e-14,1,69,854,8.103346463462139e-14,NA
leaf.voom5.module.signedhybrid_bisque4,heat_shoot_FC_down,2.1139164687292534e-14,1,156,2756,8.103346463462139e-14,NA
leaf.voom5.module.signedhybrid_bisque4,minusMn_root_FC_up,8.74117091324993e-9,1,41,527,3.09302970776536e-8,NA
leaf.voom5.module.signedhybrid_bisque4,plusIAA_seedlings_FC_up,2.904956894707306e-5,0.9999925294452866,16,193,9.544858368324006e-5,NA
leaf.voom5.module.signedhybrid_bisque4,plusAl_shoot_FC_up,9.323208567112544e-5,0.9999711345637687,18,218,2.859117293914514e-4,NA
leaf.voom5.module.signedhybrid_bisque4,minusCa_root_FC_up,1.1804488979358648e-4,0.99996576217789,16,190,3.393790581565611e-4,NA
leaf.voom5.module.signedhybrid_bisque4,plusAl_root_FC_up,2.533689199265207e-4,0.9999330831900307,13,132,6.855864892129385e-4,NA
leaf.voom5.module.signedhybrid_bisque4,minusN_root_FC_up,0.004147855511694622,0.9970266108961385,99,2560,0.010600075196552922,NA
leaf.voom5.module.signedhybrid_bisque4,minusPi_root_FC_down,0.005556956619144824,0.9966118853403783,43,969,0.013453684446350627,NA
leaf.voom5.module.signedhybrid_brown,minusPi_shoot_FC_down,1.1910728791482775e-169,1,313,2081,5.478935244082076e-168,NA
leaf.voom5.module.signedhybrid_brown,minusMg_shoot_FC_up,7.889326175748746e-154,1,492,6519,1.8145450204222117e-152,NA
leaf.voom5.module.signedhybrid_brown,cold_shoot_FC_up,5.59029624043112e-8,1,110,3013,8.571787568661051e-7,NA
leaf.voom5.module.signedhybrid_brown,heat_shoot_FC_up,1.843786697730065e-4,0.9999010120339593,50,1266,0.0021203547023895745,NA
leaf.voom5.module.signedhybrid_brown4,heat_shoot_FC_down,5.127688701576925e-4,0.9997958799834895,23,2756,0.023587368027253853,NA
leaf.voom5.module.signedhybrid_coral1,minusMg_shoot_FC_up,1.1442694110500706e-47,1,242,6519,5.263639290830325e-46,NA
leaf.voom5.module.signedhybrid_coral1,minusPi_shoot_FC_down,4.592575958181443e-43,1,121,2081,1.0562924703817319e-41,NA
leaf.voom5.module.signedhybrid_coral1,cold_shoot_FC_up,2.6751263204532175e-35,1,142,3013,4.101860358028267e-34,NA
leaf.voom5.module.signedhybrid_coral1,heat_shoot_FC_up,4.161134744942163e-15,1,55,1266,4.7853049566834873e-14,NA
leaf.voom5.module.signedhybrid_coral2,minusMg_shoot_FC_up,1.6493694347752038e-16,1,211,6519,7.587099399965938e-15,NA
leaf.voom5.module.signedhybrid_coral2,cold_root_FC_down,3.047998744228899e-4,0.9998024960255502,95,3632,0.005718926289757288,NA
leaf.voom5.module.signedhybrid_coral2,cold_shoot_FC_up,4.1753618452876145e-4,0.9997372762199507,79,3013,0.005718926289757288,NA
leaf.voom5.module.signedhybrid_coral2,plusMg_root_FC_down,4.972979382397642e-4,0.9997647099435221,31,825,0.005718926289757288,NA
leaf.voom5.module.signedhybrid_cyan,minusMg_shoot_FC_down,3.0253924213409214e-121,1,637,5491,1.391680513816824e-119,NA
leaf.voom5.module.signedhybrid_cyan,cold_shoot_FC_down,1.9985843278683624e-34,1,291,3215,4.596743954097234e-33,NA
leaf.voom5.module.signedhybrid_cyan,plusMg_shoot_FC_down,1.1407776266898523e-30,1,197,1863,1.7491923609244403e-29,NA
leaf.voom5.module.signedhybrid_cyan,heat_shoot_FC_down,1.5913518454568265e-18,1,238,2756,1.8300546222753505e-17,NA
leaf.voom5.module.signedhybrid_cyan,cold_root_FC_down,4.382580260109243e-10,1,212,3632,4.031973839300503e-9,NA
leaf.voom5.module.signedhybrid_cyan,minusMn_root_FC_down,8.190771580856321e-7,0.9999997228685485,70,1115,6.27959154532318e-6,NA
leaf.voom5.module.signedhybrid_cyan,minusPi_shoot_FC_up,7.875320755676738e-5,0.9999433147124867,198,3401,5.175210782301856e-4,NA
leaf.voom5.module.signedhybrid_cyan,cold_shoot_FC_up,5.039084148788707e-4,0.999633665451427,158,3013,0.0028974733855535065,NA
leaf.voom5.module.signedhybrid_cyan,minusFe_root_FC_down,0.0011382216872380779,0.9991755212656956,134,2785,0.005817577512550175,NA
leaf.voom5.module.signedhybrid_cyan,heat_root_FC_down,0.005514375757220516,0.9956209606207002,196,3584,0.02536612848321437,NA
leaf.voom5.module.signedhybrid_cyan,minusMg_root_FC_down,0.006656852995685065,0.9963531666250146,29,455,0.027837748891046635,NA
leaf.voom5.module.signedhybrid_cyan,plusAl_root_FC_down,0.012386066347086336,0.9974763210445765,5,43,0.04747992099716429,NA
leaf.voom5.module.signedhybrid_darkgrey,minusMg_shoot_FC_up,5.053550116611396e-143,1,1059,6519,2.3246330536412423e-141,NA
leaf.voom5.module.signedhybrid_darkgrey,minusN_whole_FC_up,7.300636698164437e-76,1,206,627,1.6791464405778204e-74,NA
leaf.voom5.module.signedhybrid_darkgrey,plusMg_shoot_FC_up,6.924663490404121e-66,1,540,3281,1.0617817351952986e-64,NA
leaf.voom5.module.signedhybrid_darkgrey,minusPi_shoot_FC_up,4.192456681401122e-31,1,456,3401,4.821325183611291e-30,NA
leaf.voom5.module.signedhybrid_darkgrey,cold_shoot_FC_up,2.298629189925228e-27,1,399,3013,2.11473885473121e-26,NA
leaf.voom5.module.signedhybrid_darkgrey,heat_root_FC_up,2.89193381236464e-25,1,228,1471,2.1381879575144693e-24,NA
leaf.voom5.module.signedhybrid_darkgrey,heat_shoot_FC_up,3.253764283174193e-25,1,204,1266,2.1381879575144693e-24,NA
leaf.voom5.module.signedhybrid_darkgrey,cold_root_FC_up,1.19842101261901e-23,1,291,2073,6.890920822559308e-23,NA
leaf.voom5.module.signedhybrid_darkgrey,minusN_root_FC_up,3.631570798603553e-17,1,319,2560,1.856136185952927e-16,NA
leaf.voom5.module.signedhybrid_darkgrey,minusK_root_FC_up,2.06867834293042e-10,1,187,1525,9.515920377479931e-10,NA
leaf.voom5.module.signedhybrid_darkgrey,minusMn_root_FC_up,1.7293655904784057e-5,0.9999908338602836,69,527,7.231892469273332e-5,NA
leaf.voom5.module.signedhybrid_darkgrey,cold_root_FC_down,3.500842272584139e-5,0.9999731327365338,344,3632,1.3419895378239202e-4,NA
leaf.voom5.module.signedhybrid_darkgrey,cold_shoot_FC_down,0.0029522629272912505,0.9975855444373676,294,3215,0.010446468819645963,NA
leaf.voom5.module.signedhybrid_darkgrey,heat_shoot_FC_down,0.003902312221559623,0.9968322008806559,257,2756,0.012821883013695903,NA
leaf.voom5.module.signedhybrid_darkgrey,minusFe_root_FC_up,0.005939796077710262,0.9953445277580474,170,1826,0.01821537463831147,NA
leaf.voom5.module.signedhybrid_darkgrey,plusMg_root_FC_up,0.01141526075590604,0.99193107612397,73,723,0.032818874673229866,NA
leaf.voom5.module.signedhybrid_darkgrey,minusFe_shoot_FC_up,0.016506188870564174,0.9948787353307441,8,42,0.04466380517917365,NA
leaf.voom5.module.signedhybrid_darkmagenta,plusMg_shoot_FC_down,7.482533499584194e-7,0.9999997539673265,64,1863,3.4419654098087295e-05,NA
leaf.voom5.module.signedhybrid_darkmagenta,cold_shoot_FC_down,3.7186224498559716e-6,0.9999980584438414,93,3215,8.552831634668734e-5,NA
leaf.voom5.module.signedhybrid_darkmagenta,minusMg_shoot_FC_down,1.5426914053292177e-5,0.999990217986066,143,5491,2.365460154838134e-4,NA
leaf.voom5.module.signedhybrid_darkmagenta,minusPi_shoot_FC_down,3.013259598110616e-5,0.9999842241101374,59,2081,3.4652485378272086e-4,NA
leaf.voom5.module.signedhybrid_darkmagenta,cold_root_FC_down,9.95317310703401e-5,0.9999383755139244,92,3632,9.156919258471288e-4,NA
leaf.voom5.module.signedhybrid_darkmagenta,heat_shoot_FC_up,0.0029343087069179834,0.9983938005616945,34,1266,0.022496366753037875,NA
leaf.voom5.module.signedhybrid_darkmagenta,plusAl_shoot_FC_up,0.007070805749747245,0.9976348837172216,10,218,0.04646529492691046,NA
leaf.voom5.module.signedhybrid_darkorange,minusMg_shoot_FC_down,2.7361165104523985e-10,1,76,5491,1.2586135948081034e-8,NA
leaf.voom5.module.signedhybrid_darkorange,plusMg_shoot_FC_down,8.320290032931216e-9,0.9999999980863584,36,1863,1.9136667075741796e-7,NA
leaf.voom5.module.signedhybrid_darkorange,cold_shoot_FC_down,7.379275129474716e-5,0.9999658429736725,40,3215,0.0011314888531861233,NA
leaf.voom5.module.signedhybrid_darkorange,heat_root_FC_down,0.0031210991977935294,0.9982567790233927,38,3584,0.03589264077462559,NA
leaf.voom5.module.signedhybrid_darkorange2,NA,NA,NA,NA,NA,NA,no enriched GO
leaf.voom5.module.signedhybrid_darkseagreen4,plusMg_shoot_FC_up,3.022328153014141e-19,1,39,3281,1.390270950386505e-17,NA
leaf.voom5.module.signedhybrid_darkseagreen4,minusPi_shoot_FC_up,1.5774021686466633e-17,1,38,3401,3.6280249878873257e-16,NA
leaf.voom5.module.signedhybrid_darkseagreen4,cold_root_FC_up,6.779966132948737e-10,0.9999999999062265,22,2073,1.0395948070521398e-8,NA
leaf.voom5.module.signedhybrid_darkseagreen4,minusK_root_FC_up,1.0152613515136215e-9,0.9999999998610171,19,1525,1.1675505542406648e-8,NA
leaf.voom5.module.signedhybrid_darkseagreen4,cold_shoot_FC_up,5.146432099041449e-9,0.9999999989797226,25,3013,4.734717531118132e-8,NA
leaf.voom5.module.signedhybrid_darkseagreen4,minusMg_shoot_FC_up,2.4219468029169926e-7,0.9999999288433605,34,6519,1.856825882236361e-6,NA
leaf.voom5.module.signedhybrid_darkseagreen4,minusMg_root_FC_up,0.0030537717376317467,0.9993375721391243,7,854,0.020067642847294336,NA
leaf.voom5.module.signedhybrid_grey,cold_root_FC_down,7.816228116866102e-9,1,207,3632,3.595464933758407e-7,NA
leaf.voom5.module.signedhybrid_grey,minusN_root_FC_down,3.4463892137137505e-6,0.9999980999529273,117,1995,7.926695191541627e-5,NA
leaf.voom5.module.signedhybrid_grey,minusMg_shoot_FC_up,8.991632756667716e-5,0.9999311578664017,305,6519,0.0013787170226890499,NA
leaf.voom5.module.signedhybrid_grey,cold_shoot_FC_down,2.2915062678793168e-4,0.9998349107713238,169,3215,0.0026352322080612145,NA
leaf.voom5.module.signedhybrid_grey,cold_root_FC_up,0.001771537173227833,0.9987443446196576,109,2073,0.014681877131462212,NA
leaf.voom5.module.signedhybrid_grey,cold_shoot_FC_up,0.0019150274519298537,0.9985694939490801,150,3013,0.014681877131462212,NA
leaf.voom5.module.signedhybrid_grey,heat_shoot_FC_up,0.0031848833370586027,0.997899771384692,67,1266,0.019261892663986632,NA
leaf.voom5.module.signedhybrid_grey,heat_shoot_FC_down,0.004101114138449565,0.9968929678368446,142,2756,0.019261892663986632,NA
leaf.voom5.module.signedhybrid_grey,heat_root_FC_up,0.004819965988417242,0.9966796630645379,76,1471,0.019261892663986632,NA
leaf.voom5.module.signedhybrid_grey,plusMg_shoot_FC_up,0.004914228762215967,0.9961981449737717,160,3281,0.019261892663986632,NA
leaf.voom5.module.signedhybrid_grey,plusMg_shoot_FC_down,0.004951090094415123,0.9964286643818329,98,1863,0.019261892663986632,NA
leaf.voom5.module.signedhybrid_grey,minusK_root_FC_down,0.005024841564518252,0.9969760386292431,42,729,0.019261892663986632,NA
leaf.voom5.module.signedhybrid_grey,minusK_root_FC_up,0.008285880856024302,0.9941048812692855,80,1525,0.02855461124522156,NA
leaf.voom5.module.signedhybrid_grey,minusCa_root_FC_up,0.008690533857241344,0.9962774809470766,15,190,0.02855461124522156,NA
leaf.voom5.module.signedhybrid_grey,minusPi_root_FC_down,0.011748781966292277,0.9921168214101758,54,969,0.036029598029962986,NA
leaf.voom5.module.signedhybrid_grey,minusMg_root_FC_down,0.013426959573573595,0.9923156679532845,28,455,0.03860250877402409,NA
leaf.voom5.module.signedhybrid_honeydew1,minusMg_shoot_FC_up,1.5969837014995745e-5,0.9999931268851431,44,6519,7.346125026898042e-4,NA
leaf.voom5.module.signedhybrid_lavenderblush3,minusMg_shoot_FC_down,1.0288361179623916e-7,0.9999999722547075,31,5491,3.758846627150427e-6,NA
leaf.voom5.module.signedhybrid_lavenderblush3,heat_root_FC_up,1.634281142239316e-7,0.9999999732550747,16,1471,3.758846627150427e-6,NA
leaf.voom5.module.signedhybrid_lavenderblush3,minusPi_shoot_FC_up,3.8556378634423524e-7,0.9999999078174341,23,3401,5.911978057278274e-6,NA
leaf.voom5.module.signedhybrid_lavenderblush3,minusN_whole_FC_up,9.59935072785478e-5,0.9999862133406666,8,627,0.0011039253337032995,NA
leaf.voom5.module.signedhybrid_lavenderblush3,cold_shoot_FC_down,0.0011183205857071528,0.9996122474173637,16,3215,0.010288549388505805,NA
leaf.voom5.module.signedhybrid_lavenderblush3,plusMg_shoot_FC_up,0.0015412949998421619,0.9994483156171248,16,3281,0.011816594998789908,NA
leaf.voom5.module.signedhybrid_lightcyan1,minusMg_shoot_FC_down,0,1,1353,5491,0,NA
leaf.voom5.module.signedhybrid_lightcyan1,minusN_whole_FC_down,1.7688901397530091e-161,1,262,521,4.068447321431921e-160,NA
leaf.voom5.module.signedhybrid_lightcyan1,minusFe_root_FC_down,1.944519777629919e-133,1,580,2785,2.981596992365876e-132,NA
leaf.voom5.module.signedhybrid_lightcyan1,minusMn_root_FC_down,3.410487432354063e-125,1,337,1115,3.9220605472071725e-124,NA
leaf.voom5.module.signedhybrid_lightcyan1,plusMg_shoot_FC_down,2.032441735934594e-83,1,393,1863,1.8698463970598265e-82,NA
leaf.voom5.module.signedhybrid_lightcyan1,minusN_root_FC_down,8.257853152943503e-57,1,345,1995,6.331020750590019e-56,NA
leaf.voom5.module.signedhybrid_lightcyan1,cold_shoot_FC_down,4.4672865926615416e-54,1,484,3215,2.9356454751775845e-53,NA
leaf.voom5.module.signedhybrid_lightcyan1,cold_root_FC_down,1.3132853495429644e-31,1,447,3632,7.551390759872045e-31,NA
leaf.voom5.module.signedhybrid_lightcyan1,heat_shoot_FC_down,8.039117623094802e-22,1,348,2756,4.108882340692898e-21,NA
leaf.voom5.module.signedhybrid_lightcyan1,heat_root_FC_down,7.2274580414040555e-12,1,374,3584,3.3246306990458655e-11,NA
leaf.voom5.module.signedhybrid_lightcyan1,minusPi_shoot_FC_down,1.8618959843598377e-11,1,222,2081,7.78611048005023e-11,NA
leaf.voom5.module.signedhybrid_lightcyan1,minusPi_root_FC_up,4.899141990159523e-11,1,317,3188,1.8780044295611506e-10,NA
leaf.voom5.module.signedhybrid_lightcyan1,minusPi_root_FC_down,7.209628275721097e-8,1,117,969,2.551099236024388e-7,NA
leaf.voom5.module.signedhybrid_lightcyan1,minusK_root_FC_down,1.756430826148166e-5,0.9999901016972921,81,729,5.771129857343973e-5,NA
leaf.voom5.module.signedhybrid_lightcyan1,heat_root_FC_up,1.587841133346409e-4,0.9998904258540966,139,1471,4.869379475595655e-4,NA
leaf.voom5.module.signedhybrid_lightcyan1,minusMg_root_FC_down,3.8231970898707017e-4,0.9997864466800926,53,455,0.0010991691633378267,NA
leaf.voom5.module.signedhybrid_lightcyan1,minusP_root_FC_down,4.5893869987918265e-4,0.9997949538032833,29,215,0.0012418341290848472,NA
leaf.voom5.module.signedhybrid_lightcyan1,minusPi_shoot_FC_up,0.017918860487550273,0.9847858651252954,286,3401,0.04579264346818403,NA
leaf.voom5.module.signedhybrid_lightgreen,minusMg_shoot_FC_down,1.4050889985206316e-14,1,147,5491,6.463409393194906e-13,NA
leaf.voom5.module.signedhybrid_lightgreen,cold_shoot_FC_down,5.906622306124896e-10,1,88,3215,1.3585231304087261e-8,NA
leaf.voom5.module.signedhybrid_lightgreen,plusMg_shoot_FC_down,9.604904779270283e-9,1,58,1863,1.4727520661547768e-7,NA
leaf.voom5.module.signedhybrid_lightsteelblue1,minusN_whole_FC_up,4.544537419453598e-22,1,43,627,2.0904872129486552e-20,NA
leaf.voom5.module.signedhybrid_lightsteelblue1,minusN_root_FC_up,5.52143413975333e-13,1,75,2560,1.269929852143266e-11,NA
leaf.voom5.module.signedhybrid_lightsteelblue1,cold_shoot_FC_up,3.0109665752316663e-7,1,65,3013,4.616815415355222e-6,NA
leaf.voom5.module.signedhybrid_lightsteelblue1,heat_root_FC_up,1.711765970643382e-6,0.9999993479721545,37,1471,1.9685308662398892e-5,NA
leaf.voom5.module.signedhybrid_lightsteelblue1,plusMg_shoot_FC_up,5.311988523443727e-6,0.9999974448439019,67,3281,4.887029441568228e-5,NA
leaf.voom5.module.signedhybrid_lightsteelblue1,minusMg_shoot_FC_up,6.162795619122898e-5,0.9999620633543109,103,6519,4.7248099746608884e-4,NA
leaf.voom5.module.signedhybrid_lightsteelblue1,cold_root_FC_up,7.971720020749117e-5,0.999960929252863,44,2073,5.238558870777991e-4,NA
leaf.voom5.module.signedhybrid_lightsteelblue1,minusPi_shoot_FC_up,1.7297547193895159e-4,0.9999008304498217,65,3401,9.946089636489715e-4,NA
leaf.voom5.module.signedhybrid_lightsteelblue1,heat_shoot_FC_down,0.002873578466295238,0.9982386796019154,52,2756,0.012533026394025811,NA
leaf.voom5.module.signedhybrid_lightsteelblue1,plusMg_root_FC_up,0.002892242820036209,0.998811931926397,17,723,0.012533026394025811,NA
leaf.voom5.module.signedhybrid_lightsteelblue1,minusFe_root_FC_down,0.0029970280507453026,0.9982139488807433,46,2785,0.012533026394025811,NA
leaf.voom5.module.signedhybrid_lightsteelblue1,minusMg_shoot_FC_down,0.008229471341583491,0.9941508404673376,87,5491,0.03154630680940338,NA
leaf.voom5.module.signedhybrid_lightsteelblue1,minusFe_shoot_FC_down,0.010714578454290066,0.9988867106071979,3,41,0.03791312376133408,NA
leaf.voom5.module.signedhybrid_lightsteelblue1,cold_shoot_FC_down,0.01471505230770182,0.9901437199925753,52,3215,0.04834945758244884,NA
leaf.voom5.module.signedhybrid_maroon,minusPi_shoot_FC_down,9.767871524306124e-14,1,28,2081,4.493220901180817e-12,NA
leaf.voom5.module.signedhybrid_maroon,minusMg_shoot_FC_up,1.8318672400537836e-4,0.999924376452856,31,6519,0.0042132946521237025,NA
leaf.voom5.module.signedhybrid_maroon,heat_shoot_FC_up,0.0011126143419111897,0.9997168131309454,10,1266,0.017060086575971578,NA
leaf.voom5.module.signedhybrid_mediumorchid,minusMg_shoot_FC_down,8.749659689805641e-7,0.9999997894086039,24,5491,4.024843457310595e-5,NA
leaf.voom5.module.signedhybrid_mediumorchid,cold_shoot_FC_down,2.606601430290778e-4,0.9999304774773096,14,3215,0.005995183289668789,NA
leaf.voom5.module.signedhybrid_mediumpurple3,minusPi_shoot_FC_up,4.487493324082327e-19,1,55,3401,2.0642469290778708e-17,NA
leaf.voom5.module.signedhybrid_mediumpurple3,minusMg_shoot_FC_down,2.620359580833839e-13,1,61,5491,6.02682703591783e-12,NA
leaf.voom5.module.signedhybrid_mediumpurple3,cold_root_FC_up,2.1682371717870552e-8,0.9999999945961916,28,2073,3.324630330073485e-7,NA
leaf.voom5.module.signedhybrid_mediumpurple3,cold_shoot_FC_up,3.7520244169593274e-8,0.9999999890170004,34,3013,4.3148280795032265e-7,NA
leaf.voom5.module.signedhybrid_mediumpurple3,minusFe_root_FC_down,1.1377216881663948e-7,0.9999999669289916,31,2785,1.046703953113083e-6,NA
leaf.voom5.module.signedhybrid_mediumpurple3,minusPi_root_FC_up,6.400979630044155e-7,0.9999997937861853,32,3188,4.9074177163671855e-6,NA
leaf.voom5.module.signedhybrid_mediumpurple3,minusN_whole_FC_up,1.1747689386923151e-6,0.9999998145156421,13,627,7.719910168549498e-6,NA
leaf.voom5.module.signedhybrid_mediumpurple3,heat_root_FC_up,4.188124537787864e-6,0.9999989420358628,19,1471,2.4081716092280215e-5,NA
leaf.voom5.module.signedhybrid_mediumpurple3,heat_shoot_FC_down,1.2446730182311632e-4,0.9999517907105343,26,2756,6.3616620931815e-4,NA
leaf.voom5.module.signedhybrid_mediumpurple3,minusN_root_FC_up,4.41997615563222e-4,0.9998238026344851,23,2560,0.002033189031590821,NA
leaf.voom5.module.signedhybrid_mediumpurple3,plusMg_shoot_FC_up,8.554767036850288e-4,0.9996221636176515,26,3281,0.0035774480335919387,NA
leaf.voom5.module.signedhybrid_mediumpurple3,plusMg_root_FC_up,0.002401447460020817,0.999367096476306,9,723,0.009205548596746466,NA
leaf.voom5.module.signedhybrid_mediumpurple3,cold_shoot_FC_down,0.007042617870917747,0.9964950563272249,23,3215,0.024920032466324335,NA
leaf.voom5.module.signedhybrid_navajowhite2,NA,NA,NA,NA,NA,NA,no enriched GO
leaf.voom5.module.signedhybrid_orange,NA,NA,NA,NA,NA,NA,no enriched GO
leaf.voom5.module.signedhybrid_orangered4,minusMg_shoot_FC_down,1.3549366994480637e-6,0.9999995327002182,81,5491,6.232708817461092e-5,NA
leaf.voom5.module.signedhybrid_orangered4,plusMg_shoot_FC_down,1.554072267905017e-5,0.99999364566574,35,1863,2.387221411605133e-4,NA
leaf.voom5.module.signedhybrid_orangered4,cold_root_FC_down,1.5568835293076952e-5,0.999992564242535,54,3632,2.387221411605133e-4,NA
leaf.voom5.module.signedhybrid_orangered4,cold_shoot_FC_down,2.4917324638414637e-4,0.9998692418078599,47,3215,0.002865492333417683,NA
leaf.voom5.module.signedhybrid_orangered4,heat_root_FC_down,0.0011792535887586433,0.9993245814094133,49,3584,0.010849133016579518,NA
leaf.voom5.module.signedhybrid_orangered4,heat_shoot_FC_down,0.005064707058661695,0.9970623972699251,38,2756,0.038829420783073,NA
leaf.voom5.module.signedhybrid_palevioletred3,minusMg_shoot_FC_up,9.634264158659527e-4,0.9993954357241279,75,6519,0.04431761512983382,NA
leaf.voom5.module.signedhybrid_plum1,NA,NA,NA,NA,NA,NA,no enriched GO
leaf.voom5.module.signedhybrid_plum2,minusMg_shoot_FC_down,5.638582226639445e-20,1,94,5491,2.5937478242541448e-18,NA
leaf.voom5.module.signedhybrid_plum2,cold_root_FC_down,1.959912539500319e-10,1,60,3632,4.507798840850734e-9,NA
leaf.voom5.module.signedhybrid_plum2,minusFe_root_FC_down,3.5934139548981565e-10,1,51,2785,5.509901397510507e-9,NA
leaf.voom5.module.signedhybrid_plum2,minusMn_root_FC_down,7.715053697630464e-8,0.9999999797032253,27,1115,8.872311752275034e-7,NA
leaf.voom5.module.signedhybrid_plum2,cold_shoot_FC_down,5.272816102005697e-7,0.9999998086947804,46,3215,4.850990813845241e-6,NA
leaf.voom5.module.signedhybrid_plum2,heat_root_FC_up,2.4164616989980436e-5,0.999991365313264,26,1471,1.8526206358985002e-4,NA
leaf.voom5.module.signedhybrid_plum2,minusN_root_FC_down,0.00555174172181414,0.997164126178761,25,1995,0.03648287417192149,NA
leaf.voom5.module.signedhybrid_skyblue1,minusS_root_FC_down,0,1,14,124,0,NA
leaf.voom5.module.signedhybrid_skyblue1,heat_root_FC_down,1.4621127389531724e-7,0.9999999757692131,18,3584,2.3021861043815656e-6,NA
leaf.voom5.module.signedhybrid_skyblue1,heat_shoot_FC_down,1.5014257202488472e-7,0.9999999775727896,16,2756,2.3021861043815656e-6,NA
leaf.voom5.module.signedhybrid_skyblue1,cold_root_FC_down,5.646062198015322e-7,0.9999999012818205,17,3632,6.492971527717621e-6,NA
leaf.voom5.module.signedhybrid_skyblue1,minusMg_shoot_FC_down,1.832741377588667e-5,0.9999954766173967,19,5491,1.6861220673815736e-4,NA
leaf.voom5.module.signedhybrid_skyblue1,cold_shoot_FC_down,2.2778246401847193e-5,0.9999953503633616,14,3215,1.7463322241416182e-4,NA
leaf.voom5.module.signedhybrid_skyblue1,minusN_root_FC_down,9.363925823985122e-5,0.9999834999960804,10,1995,6.153436970047366e-4,NA
leaf.voom5.module.signedhybrid_skyblue1,plusMg_shoot_FC_up,0.0016877649911877291,0.9995367761187254,11,3281,0.009704648699329443,NA
leaf.voom5.module.signedhybrid_skyblue1,minusPi_shoot_FC_up,0.0025332426874301495,0.9992667090018812,11,3401,0.012947684846865207,NA
leaf.voom5.module.signedhybrid_thistle1,heat_root_FC_down,1.657511911803384e-31,1,59,3584,7.624554794295567e-30,NA
leaf.voom5.module.signedhybrid_thistle1,plusMg_shoot_FC_up,1.1641356225721805e-19,1,44,3281,2.6775119319160154e-18,NA
leaf.voom5.module.signedhybrid_thistle1,heat_shoot_FC_down,8.234273110759808e-16,1,37,2756,1.2625885436498372e-14,NA
leaf.voom5.module.signedhybrid_thistle1,minusPi_shoot_FC_up,4.980331484221026e-14,1,38,3401,5.72738120685418e-13,NA
leaf.voom5.module.signedhybrid_thistle1,minusK_root_FC_up,2.5194198075564945e-11,1,23,1525,2.3178662229519748e-10,NA
leaf.voom5.module.signedhybrid_thistle1,plusMg_root_FC_down,3.96126933814087e-9,0.999999999546763,15,825,3.036973159241334e-8,NA
leaf.voom5.module.signedhybrid_thistle1,minusFe_root_FC_up,1.5894552897288852e-8,0.9999999970468099,21,1826,1.0444991903932673e-7,NA
leaf.voom5.module.signedhybrid_thistle1,cold_shoot_FC_down,4.97900470417158e-8,0.9999999875036867,28,3215,2.8629277048986583e-7,NA
leaf.voom5.module.signedhybrid_thistle1,minusS_root_FC_down,9.663431750322232e-7,0.9999999596615605,6,124,4.939087339053585e-6,NA
leaf.voom5.module.signedhybrid_thistle1,minusMg_shoot_FC_down,2.678182950024336e-6,0.9999990705804016,35,5491,1.2319641570111944e-5,NA
leaf.voom5.module.signedhybrid_thistle1,cold_root_FC_down,3.2238128375669283e-6,0.9999990314589107,26,3632,1.3481399138916244e-5,NA
leaf.voom5.module.signedhybrid_thistle1,minusPi_root_FC_up,2.806145141906845e-5,0.9999912420227189,22,3188,1.0756889710642907e-4,NA
leaf.voom5.module.signedhybrid_thistle1,cold_root_FC_up,5.47736167050029e-4,0.9998276724458647,15,2073,0.001938143360330872,NA
leaf.voom5.module.signedhybrid_thistle1,minusN_root_FC_up,8.37919970494416e-4,0.9997043514243873,17,2560,0.0027531656173387952,NA
leaf.voom5.module.signedhybrid_thistle1,minusCa_root_FC_up,0.0018512060762520823,0.999821083399639,4,190,0.0056770319671730525,NA
leaf.voom5.module.signedhybrid_thistle1,minusMg_shoot_FC_up,0.0050171885566253445,0.9974690244926807,28,6519,0.014424417100297866,NA
leaf.voom5.module.signedhybrid_thistle1,minusN_whole_FC_up,0.00640878521089326,0.9986057410312053,6,627,0.017341418805946467,NA
leaf.voom5.module.signedhybrid_thistle1,minusMg_root_FC_up,0.00968594652229541,0.9973824566327791,7,854,0.024752974445866043,NA
leaf.voom5.module.signedhybrid_thistle2,minusP_root_FC_up,2.111058818646749e-61,1,50,515,9.710870565775046e-60,NA
leaf.voom5.module.signedhybrid_thistle2,minusPi_root_FC_up,2.6087216066630887e-35,1,60,3188,6.000059695325104e-34,NA
leaf.voom5.module.signedhybrid_thistle2,minusPi_shoot_FC_up,3.226975159418869e-27,1,55,3401,4.9480285777755993e-26,NA
leaf.voom5.module.signedhybrid_thistle2,cold_root_FC_up,3.083305429497308e-5,0.9999914608831378,18,2073,3.545801243921904e-4,NA
leaf.voom5.module.signedhybrid_thistle2,cold_shoot_FC_up,9.975902211648857e-4,0.9996197538554435,19,3013,0.009177830034716948,NA
leaf.voom5.module.signedhybrid_yellow4,minusMg_shoot_FC_down,6.209958469969464e-14,1,30,5491,2.8565808961859534e-12,NA
leaf.voom5.module.signedhybrid_yellow4,minusS_root_FC_up,1.9562753457498606e-4,0.9999950370206876,3,88,0.004280099316501302,NA
leaf.voom5.module.signedhybrid_yellow4,heat_root_FC_up,2.7913691194573706e-4,0.999954667071281,8,1471,0.004280099316501302,NA
root.voom5.module.signedhybrid_bisque4,plusAl_root_FC_down,1.8592626250577116e-25,1,15,43,8.552608075265473e-24,NA
root.voom5.module.signedhybrid_bisque4,minusMn_root_FC_up,7.085513229552477e-21,1,27,527,1.6296680427970697e-19,NA
root.voom5.module.signedhybrid_bisque4,minusN_root_FC_down,2.7011612730990394e-20,1,45,1995,4.1417806187518605e-19,NA
root.voom5.module.signedhybrid_bisque4,minusFe_root_FC_up,2.550331362083694e-18,1,41,1826,2.932881066396248e-17,NA
root.voom5.module.signedhybrid_bisque4,minusFe_root_FC_down,1.1910354180022025e-17,1,49,2785,1.0957525845620262e-16,NA
root.voom5.module.signedhybrid_bisque4,cold_shoot_FC_down,1.921005121350878e-15,1,50,3215,1.472770593035673e-14,NA
root.voom5.module.signedhybrid_bisque4,plusMg_root_FC_up,1.163785540219139e-13,1,23,723,7.647733550011484e-13,NA
root.voom5.module.signedhybrid_bisque4,minusK_root_FC_down,8.428203349504331e-13,1,22,729,4.84621692596499e-12,NA
root.voom5.module.signedhybrid_bisque4,minusMg_root_FC_up,4.621686249233881e-12,1,23,854,2.3621951940528723e-11,NA
root.voom5.module.signedhybrid_bisque4,minusCa_root_FC_down,3.706615553441274e-10,0.9999999999938105,7,40,1.7050431545829858e-9,NA
root.voom5.module.signedhybrid_bisque4,minusPi_root_FC_down,2.6289600218629428e-9,0.9999999995550799,21,969,1.0993832818699578e-8,NA
root.voom5.module.signedhybrid_bisque4,cold_root_FC_up,3.3572391647592694e-8,0.9999999911488807,29,2073,1.2869416798243865e-7,NA
root.voom5.module.signedhybrid_bisque4,cold_root_FC_down,3.697768203877047e-8,0.9999999879894916,40,3632,1.3084410567564934e-7,NA
root.voom5.module.signedhybrid_bisque4,minusPi_shoot_FC_up,9.056384285304308e-7,0.999999681108843,36,3401,2.9756691223142727e-6,NA
root.voom5.module.signedhybrid_bisque4,plusMg_root_FC_down,2.924887344131169e-6,0.9999994146976465,15,825,8.969654522002252e-6,NA
root.voom5.module.signedhybrid_bisque4,minusMg_shoot_FC_up,4.692987126232505e-6,0.9999979279233849,52,6519,1.3492337987918452e-5,NA
root.voom5.module.signedhybrid_bisque4,plusMg_shoot_FC_up,5.540676600264071e-4,0.9997538942157614,28,3281,0.0014992419036008663,NA
root.voom5.module.signedhybrid_bisque4,minusN_root_FC_up,0.001035529178735534,0.9995577175253965,23,2560,0.0026463523456574756,NA
root.voom5.module.signedhybrid_bisque4,minusMg_shoot_FC_down,0.0011613403902821092,0.9993894581715961,40,5491,0.0028116662080514224,NA
root.voom5.module.signedhybrid_bisque4,heat_root_FC_down,0.0012296924066204666,0.999415811241314,29,3584,0.0028282925352270728,NA
root.voom5.module.signedhybrid_bisque4,minusK_root_FC_up,0.0031450118257008927,0.9987947212076318,15,1525,0.0068890735229638605,NA
root.voom5.module.signedhybrid_bisque4,minusN_whole_FC_up,0.005964585121667297,0.9983441352548548,8,627,0.012471405254395256,NA
root.voom5.module.signedhybrid_bisque4,plusMg_shoot_FC_down,0.008871539486174362,0.9960739411955148,16,1863,0.017543952244508776,NA
root.voom5.module.signedhybrid_bisque4,minusP_root_FC_up,0.009153366388439362,0.9975332339667463,7,515,0.017543952244508776,NA
root.voom5.module.signedhybrid_bisque4,minusPi_root_FC_up,0.0102603010023788,0.9946990711517811,23,3188,0.018878953844376992,NA
root.voom5.module.signedhybrid_bisque4,heat_root_FC_up,0.010996954410534675,0.9954711706567615,13,1471,0.019456150110945963,NA
root.voom5.module.signedhybrid_bisque4,minusFe_shoot_FC_up,0.015344066652216944,0.9991009385188272,2,42,0.026141743185258498,NA
root.voom5.module.signedhybrid_black,minusPi_shoot_FC_down,1.7012072455205205e-12,1,61,2081,7.825553329394394e-11,NA
root.voom5.module.signedhybrid_black,minusMg_shoot_FC_up,1.3439569081395012e-10,1,130,6519,3.0911008887208527e-9,NA
root.voom5.module.signedhybrid_black,cold_shoot_FC_up,6.384931303317819e-8,1,70,3013,9.790227998420656e-7,NA
root.voom5.module.signedhybrid_black,heat_shoot_FC_up,4.12941591532514e-4,0.9998182997726621,27,1266,0.004748828302623911,NA
root.voom5.module.signedhybrid_blue,minusMg_shoot_FC_up,1.2964450194597879e-79,1,1116,6519,5.963647089515024e-78,NA
root.voom5.module.signedhybrid_blue,minusPi_shoot_FC_down,2.032486366008327e-36,1,403,2081,4.674718641819152e-35,NA
root.voom5.module.signedhybrid_blue,heat_root_FC_down,2.3517341171080313e-19,1,503,3584,3.605992312898982e-18,NA
root.voom5.module.signedhybrid_blue,cold_shoot_FC_up,5.120385123671135e-10,1,403,3013,5.888442892221805e-9,NA
root.voom5.module.signedhybrid_blue,cold_root_FC_down,6.435432537549039e-10,1,479,3632,5.920597934545115e-9,NA
root.voom5.module.signedhybrid_blue,heat_shoot_FC_up,6.891427908554548e-9,1,196,1266,5.2834280632251536e-8,NA
root.voom5.module.signedhybrid_blue,plusMg_shoot_FC_down,2.1737853607311902e-7,1,246,1863,1.4284875227662106e-6,NA
root.voom5.module.signedhybrid_blue,heat_shoot_FC_down,2.703338681630271e-5,0.9999795484752709,319,2756,1.393440720976873e-4,NA
root.voom5.module.signedhybrid_blue,minusN_whole_FC_down,2.7262970627808387e-5,0.9999844468868376,84,521,1.393440720976873e-4,NA
root.voom5.module.signedhybrid_blue,minusMg_shoot_FC_down,3.6410585499904885e-5,0.9999702124796278,613,5491,1.6748869329956246e-4,NA
root.voom5.module.signedhybrid_blue,minusN_root_FC_down,3.25515266175004e-4,0.9997494357259167,257,1995,0.0013612456585500167,NA
root.voom5.module.signedhybrid_blue,heat_root_FC_up,0.005624481461176998,0.9955701808348869,183,1471,0.02156051226784516,NA
root.voom5.module.signedhybrid_brown,minusPi_shoot_FC_down,1.5255520738500488e-52,1,191,2081,7.017539539710225e-51,NA
root.voom5.module.signedhybrid_brown,minusMg_shoot_FC_up,2.679652955787523e-49,1,371,6519,6.163201798311303e-48,NA
root.voom5.module.signedhybrid_brown,minusN_whole_FC_down,1.919640969710524e-7,0.9999999358296892,36,521,2.9434494868894704e-6,NA
root.voom5.module.signedhybrid_brown,heat_shoot_FC_up,8.206467669801957e-7,0.9999997299405557,63,1266,9.43743782027225e-6,NA
root.voom5.module.signedhybrid_brown,heat_root_FC_down,1.42947995001934e-5,0.9999908547180092,143,3584,1.3151215540177928e-4,NA
root.voom5.module.signedhybrid_brown,plusMg_shoot_FC_down,4.431392918076745e-4,0.9997213721163203,77,1863,0.0033974012371921713,NA
root.voom5.module.signedhybrid_brown,minusN_root_FC_down,5.289814749281018e-4,0.9996641544061803,78,1995,0.0034761639780989547,NA
root.voom5.module.signedhybrid_brown,cold_shoot_FC_up,0.0012074818150164604,0.9991548395413035,110,3013,0.006943020436344647,NA
root.voom5.module.signedhybrid_cyan,minusMg_shoot_FC_down,5.797933629834858e-71,1,381,5491,2.667049469724035e-69,NA
root.voom5.module.signedhybrid_cyan,minusMn_root_FC_down,4.183353265431042e-64,1,148,1115,9.621712510491396e-63,NA
root.voom5.module.signedhybrid_cyan,heat_root_FC_down,6.993134431701126e-38,1,235,3584,1.0722806128608394e-36,NA
root.voom5.module.signedhybrid_cyan,plusMg_shoot_FC_down,1.797013664972677e-36,1,155,1863,2.0665657147185785e-35,NA
root.voom5.module.signedhybrid_cyan,cold_root_FC_down,4.483287145312067e-35,1,222,3632,4.1246241736871014e-34,NA
root.voom5.module.signedhybrid_cyan,cold_shoot_FC_down,1.699810303657503e-29,1,199,3215,1.3031878994707522e-28,NA
root.voom5.module.signedhybrid_cyan,minusN_root_FC_down,4.771652522975533e-27,1,137,1995,3.1356573722410647e-26,NA
root.voom5.module.signedhybrid_cyan,heat_shoot_FC_down,9.365544236838141e-20,1,161,2756,5.385187936181931e-19,NA
root.voom5.module.signedhybrid_cyan,minusS_root_FC_down,4.754865499840432e-16,1,25,124,2.4302645888073316e-15,NA
root.voom5.module.signedhybrid_cyan,minusPi_root_FC_up,1.8905389485029056e-12,1,144,3188,8.696479163113365e-12,NA
root.voom5.module.signedhybrid_cyan,minusMg_root_FC_down,7.381096084041362e-10,1,37,455,3.086640180599115e-9,NA
root.voom5.module.signedhybrid_cyan,minusPi_shoot_FC_up,3.630648683226049e-5,0.9999763978346198,130,3401,1.3917486619033188e-4,NA
root.voom5.module.signedhybrid_cyan,minusP_root_FC_down,3.0229029484441823e-4,0.9999083067823545,15,215,0.0010696425817571722,NA
root.voom5.module.signedhybrid_cyan,cold_shoot_FC_up,8.441108677941096e-4,0.9994201213291074,106,3013,0.0027735071370377884,NA
root.voom5.module.signedhybrid_cyan,minusN_whole_FC_down,0.0011715378374848474,0.9994650997366641,25,521,0.003592716034953532,NA
root.voom5.module.signedhybrid_cyan,minusPi_shoot_FC_down,0.0018875968089021138,0.998763946059274,72,2081,0.005426840825593577,NA
root.voom5.module.signedhybrid_cyan,plusMg_shoot_FC_up,0.004046239816828249,0.9970509496981125,111,3281,0.010948648916123498,NA
root.voom5.module.signedhybrid_cyan,minusFe_root_FC_up,0.006101586129533085,0.9958972276502163,64,1826,0.015592942331028993,NA
root.voom5.module.signedhybrid_cyan,cold_root_FC_up,0.012580127500393303,0.9910727604391224,71,2073,0.03045715079042589,NA
root.voom5.module.signedhybrid_cyan,minusN_root_FC_up,0.016232269188910006,0.9879619187184069,87,2560,0.03733421913449301,NA
root.voom5.module.signedhybrid_cyan,plusMg_root_FC_up,0.019304315361794645,0.9885783642034646,28,723,0.04228564317345494,NA
root.voom5.module.signedhybrid_darkgreen,minusPi_root_FC_up,1.3761306351992173e-100,1,287,3188,6.3302009219164e-99,NA
root.voom5.module.signedhybrid_darkgreen,minusK_root_FC_down,5.289538821167732e-98,1,147,729,1.2165939288685783e-96,NA
root.voom5.module.signedhybrid_darkgreen,minusMg_root_FC_up,1.011318428481315e-83,1,146,854,1.5506882570046832e-82,NA
root.voom5.module.signedhybrid_darkgreen,minusN_root_FC_up,6.489958624301133e-78,1,235,2560,7.463452417946303e-77,NA
root.voom5.module.signedhybrid_darkgreen,minusFe_root_FC_down,9.127415260968889e-42,1,183,2785,8.397222040091378e-41,NA
root.voom5.module.signedhybrid_darkgreen,minusP_root_FC_up,2.84654069459296e-33,1,71,515,2.1823478658546027e-32,NA
root.voom5.module.signedhybrid_darkgreen,plusMg_root_FC_up,1.6466365163353022e-18,1,60,723,1.0820754250203413e-17,NA
root.voom5.module.signedhybrid_darkgreen,minusMn_root_FC_up,2.5328759292294783e-14,1,45,527,1.45640365930695e-13,NA
root.voom5.module.signedhybrid_darkgreen,cold_root_FC_down,4.271424609993582e-9,1,132,3632,2.183172578441164e-8,NA
root.voom5.module.signedhybrid_darkgreen,cold_shoot_FC_down,1.9582687430727593e-5,0.9999880680975853,109,3215,9.008036218134692e-5,NA
root.voom5.module.signedhybrid_darkgreen,cold_root_FC_up,2.91583464161569e-4,0.9998233540142164,71,2073,0.0012193490319483793,NA
root.voom5.module.signedhybrid_darkgreen,minusPi_shoot_FC_up,5.474144893374305e-4,0.9996290820022733,107,3401,0.002098422209126817,NA
root.voom5.module.signedhybrid_darkgreen,minusPi_shoot_FC_down,6.175697921356115e-4,0.9996201919610496,67,2081,0.0021852469567875486,NA
root.voom5.module.signedhybrid_darkgreen,plusMg_shoot_FC_up,9.219491358324752e-4,0.9993715803346951,101,3281,0.003029261446306704,NA
root.voom5.module.signedhybrid_darkgreen,minusN_whole_FC_up,0.0058633895311172935,0.9970131462272362,24,627,0.0179810612287597,NA
root.voom5.module.signedhybrid_darkgreen,plusMg_root_FC_down,0.0068116594157449795,0.9962467431746974,29,825,0.019583520820266816,NA
root.voom5.module.signedhybrid_darkgreen,minusK_root_FC_up,0.008864855532246148,0.9942653256270778,49,1525,0.02398725614607781,NA
root.voom5.module.signedhybrid_darkgreen,minusCa_root_FC_down,0.010217557114335668,0.9984528110834284,4,40,0.025739413316468864,NA
root.voom5.module.signedhybrid_darkgreen,minusCa_root_FC_up,0.010631496804628444,0.9962290073885431,10,190,0.025739413316468864,NA
root.voom5.module.signedhybrid_darkgreen,plusAl_shoot_FC_up,0.012150641400889563,0.9953465577038878,11,218,0.027946475222045995,NA
root.voom5.module.signedhybrid_darkgreen,minusPi_root_FC_down,0.01584524883272486,0.9903420715007436,33,969,0.03470864030025446,NA
root.voom5.module.signedhybrid_darkgreen,plusIAA_seedlings_FC_up,0.01780375525676873,0.9935623370489992,9,193,0.03722603371869825,NA
root.voom5.module.signedhybrid_darkgreen,minusFe_root_FC_up,0.02489091365709024,0.9826173075177951,53,1826,0.04978182731418048,NA
root.voom5.module.signedhybrid_darkgrey,minusPi_shoot_FC_down,9.299661698084208e-24,1,88,2081,4.277844381118735e-22,NA
root.voom5.module.signedhybrid_darkgrey,minusMg_shoot_FC_up,1.6034341758540001e-22,1,173,6519,3.6878986044642e-21,NA
root.voom5.module.signedhybrid_darkgrey,cold_shoot_FC_up,3.685781110442538e-13,1,89,3013,5.651531036011892e-12,NA
root.voom5.module.signedhybrid_darkgrey,heat_shoot_FC_up,1.3679054427130134e-4,0.9999392508413639,32,1266,0.0015730912591199655,NA
root.voom5.module.signedhybrid_darkgrey,heat_root_FC_down,0.00237128437129684,0.9984602919446942,69,3584,0.021815816215930928,NA
root.voom5.module.signedhybrid_darkmagenta,minusN_root_FC_up,1.6584902950842064e-6,0.9999994571791527,30,2560,7.62905535738735e-5,NA
root.voom5.module.signedhybrid_darkmagenta,minusMn_root_FC_down,8.28372829957154e-4,0.9997483842911302,13,1115,0.01905257508901454,NA
root.voom5.module.signedhybrid_darkmagenta,minusMg_shoot_FC_down,0.0019948762807565825,0.9989195615855617,40,5491,0.030588102971600934,NA
root.voom5.module.signedhybrid_darkorange2,minusMg_shoot_FC_up,2.228759508005986e-5,0.9999919865532383,31,6519,0.0010252293736827535,NA
root.voom5.module.signedhybrid_darkred,minusN_root_FC_up,2.1857901435379146e-161,1,424,2560,1.0054634660274408e-159,NA
root.voom5.module.signedhybrid_darkred,minusPi_root_FC_up,7.260074388456616e-69,1,319,3188,1.669817109345022e-67,NA
root.voom5.module.signedhybrid_darkred,minusPi_shoot_FC_up,7.993970062793272e-58,1,325,3401,1.2257420762949685e-56,NA
root.voom5.module.signedhybrid_darkred,minusN_whole_FC_up,6.4233182857906895e-37,1,99,627,7.386816028659293e-36,NA
root.voom5.module.signedhybrid_darkred,plusMg_shoot_FC_up,1.2426471041053485e-34,1,263,3281,1.0386160258945922e-33,NA
root.voom5.module.signedhybrid_darkred,minusK_root_FC_up,1.3547165555146854e-34,1,162,1525,1.0386160258945922e-33,NA
root.voom5.module.signedhybrid_darkred,cold_root_FC_up,2.106355763537017e-28,1,181,2073,1.3841766446100397e-27,NA
root.voom5.module.signedhybrid_darkred,minusFe_root_FC_up,2.9681618964682185e-22,1,150,1826,1.7066930904692257e-21,NA
root.voom5.module.signedhybrid_darkred,plusMg_root_FC_down,5.379169260316493e-22,1,89,825,2.749353177495096e-21,NA
root.voom5.module.signedhybrid_darkred,heat_root_FC_down,2.5034100603848008e-21,1,247,3584,1.1515686277770083e-20,NA
root.voom5.module.signedhybrid_darkred,minusMg_root_FC_down,4.291462376638784e-17,1,58,455,1.7946115393216734e-16,NA
root.voom5.module.signedhybrid_darkred,cold_shoot_FC_down,6.703345381516738e-16,1,208,3215,2.5696157295814163e-15,NA
root.voom5.module.signedhybrid_darkred,minusMg_shoot_FC_up,1.3643849937854056e-15,1,337,6519,4.8278238241637425e-15,NA
root.voom5.module.signedhybrid_darkred,minusFe_root_FC_down,1.9722135667060492e-14,1,174,2785,6.48013029060559e-14,NA
root.voom5.module.signedhybrid_darkred,cold_root_FC_down,1.1714740935725286e-13,1,212,3632,3.592520553622421e-13,NA
root.voom5.module.signedhybrid_darkred,cold_shoot_FC_up,1.3990926977210343e-10,1,174,3013,4.022391505947974e-10,NA
root.voom5.module.signedhybrid_darkred,heat_shoot_FC_down,8.761308245936703e-6,0.9999944742759237,150,2756,2.3707069371358137e-5,NA
root.voom5.module.signedhybrid_darkred,minusP_root_FC_up,6.84572913056031e-5,0.9999681882692193,39,515,1.7494641111431904e-4,NA
root.voom5.module.signedhybrid_darkred,minusMg_shoot_FC_down,1.5329299730536912e-4,0.9998840825591769,258,5491,3.7113041452878836e-4,NA
root.voom5.module.signedhybrid_darkred,minusFe_shoot_FC_up,0.0010333148241552905,0.9998240925117754,7,42,0.002376624095557168,NA
root.voom5.module.signedhybrid_darkred,plusMg_root_FC_up,0.0021230855404308986,0.9987928116085636,41,723,0.004453851609799675,NA
root.voom5.module.signedhybrid_darkred,minusK_root_FC_down,0.002130102943817236,0.9987971959404389,40,729,0.004453851609799675,NA
root.voom5.module.signedhybrid_darkred,plusAl_shoot_FC_up,0.007956132383367155,0.9965135178501547,16,218,0.01591226476673431,NA
root.voom5.module.signedhybrid_darkred,minusMn_root_FC_down,0.010418623772773293,0.9930764762657615,53,1115,0.01996902889781548,NA
root.voom5.module.signedhybrid_darkslateblue,NA,NA,NA,NA,NA,NA,no enriched GO
root.voom5.module.signedhybrid_floralwhite,NA,NA,NA,NA,NA,NA,no enriched GO
root.voom5.module.signedhybrid_green,cold_shoot_FC_up,1.427769870596425e-39,1,153,3013,6.567741404743555e-38,NA
root.voom5.module.signedhybrid_green,plusMg_shoot_FC_up,7.295291356401797e-38,1,159,3281,1.6779170119724132e-36,NA
root.voom5.module.signedhybrid_green,minusN_whole_FC_up,1.4542021979082722e-34,1,65,627,2.229776703459351e-33,NA
root.voom5.module.signedhybrid_green,cold_root_FC_up,1.0336909087342961e-33,1,117,2073,1.1887445450444406e-32,NA
root.voom5.module.signedhybrid_green,minusMg_shoot_FC_up,2.3304003140438407e-26,1,204,6519,2.1439682889203333e-25,NA
root.voom5.module.signedhybrid_green,minusFe_root_FC_down,1.2673570825622909e-25,1,120,2785,9.71640429964423e-25,NA
root.voom5.module.signedhybrid_green,heat_root_FC_up,3.247563143873048e-24,1,81,1471,2.1341129231165744e-23,NA
root.voom5.module.signedhybrid_green,minusN_root_FC_up,1.97046263457131e-23,1,115,2560,1.1330160148785033e-22,NA
root.voom5.module.signedhybrid_green,minusPi_shoot_FC_up,4.307956691121672e-19,1,127,3401,2.201844531017743e-18,NA
root.voom5.module.signedhybrid_green,minusPi_root_FC_up,2.8542055366627183e-15,1,107,3188,1.3129345468648504e-14,NA
root.voom5.module.signedhybrid_green,plusMg_root_FC_up,9.957470609178112e-9,0.9999999977323137,34,723,4.1640331638381194e-8,NA
root.voom5.module.signedhybrid_green,minusMn_root_FC_up,1.2576715715334433e-7,0.9999999658351217,27,527,4.821074357544866e-7,NA
root.voom5.module.signedhybrid_green,minusK_root_FC_up,2.1243471891471355e-7,0.9999999362898091,52,1525,7.516920823136018e-7,NA
root.voom5.module.signedhybrid_green,heat_shoot_FC_up,1.9449277573225463e-6,0.9999992185997844,41,1266,6.3904769169169375e-6,NA
root.voom5.module.signedhybrid_green,minusP_root_FC_up,2.877257311795134e-5,0.9999902868658981,23,515,8.823589089505078e-5,NA
root.voom5.module.signedhybrid_green,minusFe_shoot_FC_down,3.218295428180043e-5,0.999997596184501,6,41,9.252599356017623e-5,NA
root.voom5.module.signedhybrid_green,minusP_root_FC_down,9.504718079928025e-5,0.9999785401924848,12,215,2.571864892215819e-4,NA
root.voom5.module.signedhybrid_green,plusMg_root_FC_down,1.1085493053423687e-4,0.9999551497335365,27,825,2.832959335874942e-4,NA
root.voom5.module.signedhybrid_green,minusPi_root_FC_down,1.3381225415207902e-4,0.9999406330115644,32,969,3.239665100524018e-4,NA
root.voom5.module.signedhybrid_green,minusS_root_FC_up,7.634077996541305e-4,0.9998707130135471,7,88,0.0017558379392044999,NA
root.voom5.module.signedhybrid_green,minusPi_shoot_FC_down,8.274670726710852e-4,0.9995279687431903,49,2081,0.001812546921089044,NA
root.voom5.module.signedhybrid_green,minusFe_root_FC_up,0.0012369501764661795,0.9992980466288098,45,1826,0.0025863503689747386,NA
root.voom5.module.signedhybrid_green,minusMg_root_FC_up,0.001389357758636183,0.9993463330747577,26,854,0.002778715517272366,NA
root.voom5.module.signedhybrid_green,heat_shoot_FC_down,0.007043693061201804,0.9952681039387629,63,2756,0.013500411700636792,NA
root.voom5.module.signedhybrid_green,plusAl_root_FC_up,0.02605689850366538,0.9923012330880241,6,132,0.0479446932467443,NA
root.voom5.module.signedhybrid_greenyellow,cold_root_FC_down,1.3823408132211754e-4,0.999929116268065,48,3632,0.006358767740817407,NA
root.voom5.module.signedhybrid_greenyellow,minusMg_shoot_FC_up,0.0014544941113942647,0.999091017223346,69,6519,0.033453364562068086,NA
root.voom5.module.signedhybrid_grey,cold_root_FC_down,9.869858664042671e-17,1,546,3632,4.540134985459629e-15,NA
root.voom5.module.signedhybrid_grey,cold_shoot_FC_down,2.7225964298381314e-10,1,464,3215,6.261971788627702e-9,NA
root.voom5.module.signedhybrid_grey,minusN_root_FC_down,1.5690858512508277e-9,1,295,1995,2.4059316385846025e-8,NA
root.voom5.module.signedhybrid_grey,minusMg_shoot_FC_down,5.762272472511965e-9,1,741,5491,6.62661334338876e-8,NA
root.voom5.module.signedhybrid_grey,cold_root_FC_up,1.6522242627061086e-7,1,298,2073,1.5200463216896198e-6,NA
root.voom5.module.signedhybrid_grey,heat_root_FC_up,3.053390534975034e-7,1,215,1471,2.3409327434808595e-6,NA
root.voom5.module.signedhybrid_grey,minusPi_shoot_FC_up,8.005812987520726e-7,0.9999995365169743,465,3401,5.260962820370763e-6,NA
root.voom5.module.signedhybrid_grey,cold_shoot_FC_up,5.013470431096801e-6,0.999996297598145,404,3013,2.8827454978806607e-5,NA
root.voom5.module.signedhybrid_grey,minusFe_root_FC_down,9.137359215883184e-5,0.999928318978034,360,2785,4.670205821451405e-4,NA
root.voom5.module.signedhybrid_grey,minusK_root_FC_up,2.2678394328430414e-4,0.9998314566431383,212,1525,0.001043206139107799,NA
root.voom5.module.signedhybrid_grey,plusMg_shoot_FC_up,3.301467679978203e-4,0.9997311389382324,422,3281,0.001380613757081794,NA
root.voom5.module.signedhybrid_grey,minusPi_root_FC_down,5.704036742265439e-4,0.999594605168212,141,969,0.0021865474178684183,NA
root.voom5.module.signedhybrid_grey,minusFe_root_FC_up,0.0038630751495505175,0.9969022752726584,233,1826,0.013669342836871061,NA
root.voom5.module.signedhybrid_grey,heat_shoot_FC_up,0.004950709881477629,0.9961743836247997,162,1266,0.016266618181997924,NA
root.voom5.module.signedhybrid_grey,plusMg_shoot_FC_down,0.010352019887802748,0.9914762484481119,239,1863,0.031746194322595095,NA
root.voom5.module.signedhybrid_grey,minusPi_root_FC_up,0.01107867895669423,0.9904936685755342,381,3188,0.03185120200049591,NA
root.voom5.module.signedhybrid_grey,minusP_root_FC_up,0.011790840302165255,0.9916530082285973,76,515,0.031904626699976575,NA
root.voom5.module.signedhybrid_grey,minusMg_shoot_FC_up,0.013373558303214777,0.9880180418323357,748,6519,0.03417687121932665,NA
root.voom5.module.signedhybrid_grey,minusP_root_FC_down,0.019536221231269545,0.9881693843738969,33,215,0.04551660747220149,NA
root.voom5.module.signedhybrid_grey,minusK_root_FC_down,0.019789829335739778,0.9850856464817518,95,729,0.04551660747220149,NA
root.voom5.module.signedhybrid_grey,minusS_root_FC_up,0.02089034810814252,0.9899290265749437,17,88,0.04575981014164552,NA
root.voom5.module.signedhybrid_grey60,plusMg_shoot_FC_up,2.372829016086003e-29,1,128,3281,1.0915013473995615e-27,NA
root.voom5.module.signedhybrid_grey60,cold_root_FC_up,6.932478170874573e-25,1,92,2073,1.5944699793011518e-23,NA
root.voom5.module.signedhybrid_grey60,minusK_root_FC_up,1.4414991409376406e-21,1,73,1525,2.210298682771049e-20,NA
root.voom5.module.signedhybrid_grey60,minusMg_shoot_FC_up,1.7418177627784678e-20,1,169,6519,2.003090427195238e-19,NA
root.voom5.module.signedhybrid_grey60,minusPi_shoot_FC_up,6.415527659593877e-20,1,113,3401,5.902285446826366e-19,NA
root.voom5.module.signedhybrid_grey60,minusPi_root_FC_up,4.473287695278735e-16,1,98,3188,3.4295205663803635e-15,NA
root.voom5.module.signedhybrid_grey60,minusN_root_FC_up,5.830723432048823e-16,1,87,2560,3.831618255346369e-15,NA
root.voom5.module.signedhybrid_grey60,cold_shoot_FC_up,6.532730141081183e-13,1,88,3013,3.75631983112168e-12,NA
root.voom5.module.signedhybrid_grey60,minusFe_root_FC_up,9.156639662482768e-11,1,59,1826,4.680060271935637e-10,NA
root.voom5.module.signedhybrid_grey60,plusMg_root_FC_down,5.705252407452775e-10,1,35,825,2.624416107428276e-9,NA
root.voom5.module.signedhybrid_grey60,heat_root_FC_down,9.479782278559592e-9,1,88,3584,3.964272589215829e-8,NA
root.voom5.module.signedhybrid_grey60,minusN_whole_FC_up,7.832171670554795e-7,0.9999997753706052,25,627,3.0023324737126715e-6,NA
root.voom5.module.signedhybrid_grey60,minusMg_root_FC_up,4.236190414654552e-6,0.9999985256966475,29,854,1.4989596851854567e-5,NA
root.voom5.module.signedhybrid_grey60,cold_root_FC_down,2.3672587757924585e-5,0.9999868322961512,76,3632,7.778135977603792e-5,NA
root.voom5.module.signedhybrid_grey60,plusMg_root_FC_up,3.089417695949733e-5,0.9999892213224413,24,723,9.474214267579182e-5,NA
root.voom5.module.signedhybrid_grey60,minusP_root_FC_down,4.7240067312256197e-4,0.9998908424754821,10,215,0.0013581519352273658,NA
root.voom5.module.signedhybrid_grey60,plusIAA_seedlings_FC_up,6.932884051312426e-4,0.9998471150009529,9,193,0.0017778252659447805,NA
root.voom5.module.signedhybrid_grey60,minusMn_root_FC_up,6.95670756239262e-4,0.9997502304798045,17,527,0.0017778252659447805,NA
root.voom5.module.signedhybrid_grey60,minusFe_shoot_FC_up,0.0024228797950770946,0.9997554095167257,4,42,0.005865919503870861,NA
root.voom5.module.signedhybrid_grey60,minusMg_root_FC_down,0.00279200445010416,0.9989730116195719,14,455,0.006421610235239568,NA
root.voom5.module.signedhybrid_grey60,minusCa_root_FC_up,0.00364712946475996,0.9990678871808496,8,190,0.007913143111910567,NA
root.voom5.module.signedhybrid_grey60,minusN_root_FC_down,0.003784546705696358,0.9977946633072828,40,1995,0.007913143111910567,NA
root.voom5.module.signedhybrid_grey60,minusFe_root_FC_down,0.010997684360660218,0.9927958422254937,50,2785,0.021995368721320435,NA
root.voom5.module.signedhybrid_grey60,minusK_root_FC_down,0.01287252994912164,0.993831189791944,17,729,0.02467234906914981,NA
root.voom5.module.signedhybrid_grey60,minusCa_root_FC_down,0.01411487494375204,0.9983776800177756,3,40,0.025971369896503754,NA
root.voom5.module.signedhybrid_ivory,minusN_root_FC_down,1.3309757908264164e-69,1,72,1995,6.1224886378015155e-68,NA
root.voom5.module.signedhybrid_ivory,plusMg_root_FC_down,3.1366504119908216e-18,1,23,825,7.21429594757889e-17,NA
root.voom5.module.signedhybrid_ivory,heat_root_FC_down,1.7565962022037188e-14,1,38,3584,2.693447510045702e-13,NA
root.voom5.module.signedhybrid_ivory,cold_root_FC_down,2.970800207604587e-14,1,37,3632,3.416420238745275e-13,NA
root.voom5.module.signedhybrid_ivory,minusFe_root_FC_down,7.251397171717032e-14,1,32,2785,6.671285397979669e-13,NA
root.voom5.module.signedhybrid_ivory,minusPi_root_FC_down,6.65751930676698e-12,1,19,969,5.104098135188018e-11,NA
root.voom5.module.signedhybrid_ivory,plusN_root_FC_up,1.5081301523936006e-8,0.9999999999431055,4,13,9.910569572872232e-8,NA
root.voom5.module.signedhybrid_ivory,minusMg_root_FC_down,2.2731564662333224e-6,0.99999976721409,9,455,1.3070649680841604e-5,NA
root.voom5.module.signedhybrid_ivory,minusMg_shoot_FC_down,8.917000442384378e-6,0.9999968721085838,32,5491,4.557578003885348e-5,NA
root.voom5.module.signedhybrid_ivory,minusN_whole_FC_down,3.7713656902557296e-5,0.9999952490245022,8,521,1.7348282175176354e-4,NA
root.voom5.module.signedhybrid_ivory,minusS_root_FC_up,9.871930757396389e-5,0.9999956959540917,4,88,4.128261953093035e-4,NA
root.voom5.module.signedhybrid_ivory,plusAl_shoot_FC_up,2.7021147065818513e-4,0.9999764096045742,5,218,0.0010358106375230431,NA
root.voom5.module.signedhybrid_ivory,minusMn_root_FC_up,4.1370338352166795e-4,0.9999363442449858,7,527,0.001463873510922825,NA
root.voom5.module.signedhybrid_ivory,minusFe_root_FC_up,5.781795048458915e-4,0.9998343945494311,13,1826,0.0018997326587793578,NA
root.voom5.module.signedhybrid_ivory,minusPi_root_FC_up,6.910331788414353e-4,0.999754038022617,18,3188,0.0021191684151137353,NA
root.voom5.module.signedhybrid_ivory,heat_shoot_FC_down,9.71388132500099e-4,0.9996541104787284,17,2756,0.0027927408809377847,NA
root.voom5.module.signedhybrid_ivory,plusMg_shoot_FC_down,0.0010678793155894245,0.9996727726756498,13,1863,0.002889555795124325,NA
root.voom5.module.signedhybrid_ivory,minusPi_shoot_FC_up,0.002947714352056782,0.9988001407107386,18,3401,0.007533047788589553,NA
root.voom5.module.signedhybrid_ivory,minusFe_shoot_FC_down,0.004525373646349684,0.9998601236926732,2,41,0.01095616777537292,NA
root.voom5.module.signedhybrid_ivory,minusMg_root_FC_up,0.006401290407577028,0.9984033381771451,7,854,0.014722967937427164,NA
root.voom5.module.signedhybrid_ivory,minusK_root_FC_down,0.008250412246234129,0.9981102181043932,6,729,0.018072331586989045,NA
root.voom5.module.signedhybrid_ivory,cold_shoot_FC_down,0.018009053898858558,0.991743276672994,15,3215,0.036877453829063454,NA
root.voom5.module.signedhybrid_ivory,minusMn_root_FC_down,0.018438726914531727,0.9943597364321215,7,1115,0.036877453829063454,NA
root.voom5.module.signedhybrid_lightsteelblue1,minusPi_shoot_FC_down,1.91613920965087e-14,1,31,2081,8.814240364394002e-13,NA
root.voom5.module.signedhybrid_lightsteelblue1,minusMg_shoot_FC_up,2.9147816534950485e-8,0.9999999907982378,43,6519,6.703997803038611e-7,NA
root.voom5.module.signedhybrid_lightsteelblue1,heat_shoot_FC_down,0.0028605061529134715,0.9988939898606048,16,2756,0.04386109434467323,NA
root.voom5.module.signedhybrid_magenta,plusMg_shoot_FC_up,1.491122020255137e-7,1,57,3281,6.85916129317363e-6,NA
root.voom5.module.signedhybrid_orange,heat_shoot_FC_up,3.769282252032207e-87,1,98,1266,1.7338698359348154e-85,NA
root.voom5.module.signedhybrid_orange,heat_root_FC_up,8.752871956510607e-86,1,102,1471,2.0131605499974397e-84,NA
root.voom5.module.signedhybrid_orange,minusPi_root_FC_up,1.3448160446868062e-9,1,45,3188,2.0620512685197697e-8,NA
root.voom5.module.signedhybrid_orange,cold_root_FC_down,3.1572700539603324e-7,0.9999998907365946,44,3632,3.630860562054382e-6,NA
root.voom5.module.signedhybrid_orange,minusFe_root_FC_up,2.2656641017288806e-6,0.9999992841233746,27,1826,2.08441097359057e-5,NA
root.voom5.module.signedhybrid_orange,minusMg_shoot_FC_down,1.0090807702045372e-5,0.9999952717746686,55,5491,7.736285904901452e-5,NA
root.voom5.module.signedhybrid_orange,minusPi_shoot_FC_up,6.139275672515328e-5,0.999972842169964,37,3401,4.0343811562243583e-4,NA
root.voom5.module.signedhybrid_orange,plusMg_shoot_FC_up,0.0021105813611655994,0.9989256671353914,31,3281,0.012135842826702197,NA
root.voom5.module.signedhybrid_orange,minusN_root_FC_down,0.005344202950576787,0.9975151084334728,20,1995,0.027314815080725797,NA
root.voom5.module.signedhybrid_orange,plusMg_root_FC_up,0.006136187969072433,0.9979857736803445,10,723,0.02822646465773319,NA
root.voom5.module.signedhybrid_orange,cold_shoot_FC_up,0.007304895839648314,0.9961094035299534,27,3013,0.03054774623852931,NA
root.voom5.module.signedhybrid_orange,cold_shoot_FC_down,0.010936636000152824,0.9939166401426847,28,3215,0.04192377133391916,NA
root.voom5.module.signedhybrid_orangered4,minusPi_root_FC_up,2.066217504526212e-31,1,60,3188,9.504600520820576e-30,NA
root.voom5.module.signedhybrid_orangered4,minusMg_root_FC_down,7.324869554596743e-21,1,23,455,1.684719997557251e-19,NA
root.voom5.module.signedhybrid_orangered4,minusFe_root_FC_down,7.169494427487091e-18,1,42,2785,1.099322478881354e-16,NA
root.voom5.module.signedhybrid_orangered4,minusN_root_FC_up,4.461582718436776e-16,1,39,2560,5.130820126202293e-15,NA
root.voom5.module.signedhybrid_orangered4,plusMg_root_FC_down,1.3086736665710605e-10,0.9999999999861137,18,825,1.2039797732453755e-9,NA
root.voom5.module.signedhybrid_orangered4,cold_root_FC_up,0.0032222622356433694,0.998773483172942,15,2073,0.024704010473265835,NA
root.voom5.module.signedhybrid_paleturquoise,heat_root_FC_down,1.550143949419049e-7,0.9999999583567176,43,3584,7.130662167327626e-6,NA
root.voom5.module.signedhybrid_paleturquoise,heat_shoot_FC_down,8.773223418432195e-5,0.999963558152416,31,2756,0.002017841386239405,NA
root.voom5.module.signedhybrid_plum1,minusN_root_FC_down,6.992121957913002e-38,1,86,1995,3.216376100639981e-36,NA
root.voom5.module.signedhybrid_plum1,minusPi_root_FC_down,3.1059137124619857e-29,1,55,969,7.143601538662567e-28,NA
root.voom5.module.signedhybrid_plum1,minusFe_root_FC_down,3.6117975167905297e-22,1,78,2785,5.538089525745479e-21,NA
root.voom5.module.signedhybrid_plum1,plusMg_root_FC_up,6.6667090385854706e-18,1,36,723,7.294411629825926e-17,NA
root.voom5.module.signedhybrid_plum1,minusMg_shoot_FC_up,7.928708293289051e-18,1,117,6519,7.294411629825926e-17,NA
root.voom5.module.signedhybrid_plum1,minusK_root_FC_down,2.4669602423078925e-16,1,34,729,1.8913361857693843e-15,NA
root.voom5.module.signedhybrid_plum1,minusPi_shoot_FC_down,6.919797318592197e-15,1,55,2081,4.547295380789158e-14,NA
root.voom5.module.signedhybrid_plum1,cold_shoot_FC_down,2.3350472045531074e-9,1,60,3215,1.3426521426180367e-8,NA
root.voom5.module.signedhybrid_plum1,minusMg_root_FC_up,2.755419644282293e-7,0.9999999282637805,24,854,1.4083255959665052e-6,NA
root.voom5.module.signedhybrid_plum1,cold_root_FC_down,1.3027703173873965e-6,0.9999995849265098,57,3632,5.992743459982023e-6,NA
root.voom5.module.signedhybrid_plum1,minusP_root_FC_down,1.1068609180138433e-5,0.9999983903303343,10,215,4.628691111694254e-5,NA
root.voom5.module.signedhybrid_plum1,minusCa_root_FC_down,1.6882923926759724e-5,0.999999220114456,5,40,6.471787505257894e-5,NA
root.voom5.module.signedhybrid_plum1,minusMn_root_FC_up,4.101698227359427e-5,0.9999895772195041,15,527,1.4513701419887205e-4,NA
root.voom5.module.signedhybrid_plum1,plusMg_shoot_FC_up,1.842845637947909e-4,0.9999045746886097,47,3281,6.055064238971701e-4,NA
root.voom5.module.signedhybrid_plum1,minusN_whole_FC_down,0.0035732874349867685,0.9988365728197232,11,521,0.010958081467292758,NA
root.voom5.module.signedhybrid_plum1,plusIAA_seedlings_FC_up,0.004242499716270119,0.9991469065264521,6,193,0.01162252013137198,NA
root.voom5.module.signedhybrid_plum1,cold_root_FC_up,0.004295279178985297,0.9977287920540497,29,2073,0.01162252013137198,NA
root.voom5.module.signedhybrid_plum1,minusPi_shoot_FC_up,0.012162722274361947,0.992389524653755,41,3401,0.031082512478924972,NA
root.voom5.module.signedhybrid_plum1,minusS_root_FC_down,0.018415571971253902,0.9965624720081536,4,124,0.04458506898303576,NA
root.voom5.module.signedhybrid_skyblue,plusMg_root_FC_up,1.7207452392261854e-12,1,23,723,5.824614817988107e-11,NA
root.voom5.module.signedhybrid_skyblue,minusFe_root_FC_down,2.5324412252122203e-12,1,44,2785,5.824614817988107e-11,NA
root.voom5.module.signedhybrid_skyblue,minusMg_root_FC_up,2.054852803870935e-8,0.9999999962512148,20,854,3.150774299268767e-7,NA
root.voom5.module.signedhybrid_skyblue,cold_shoot_FC_down,5.8796540304470605e-8,0.9999999849021549,41,3215,6.761602135014119e-7,NA
root.voom5.module.signedhybrid_skyblue,minusMn_root_FC_up,1.0420339393245298e-7,0.9999999843559009,15,527,9.586712241785673e-7,NA
root.voom5.module.signedhybrid_skyblue,minusK_root_FC_down,2.3938767358651604e-6,0.9999995278566696,15,729,1.835305497496623e-5,NA
root.voom5.module.signedhybrid_skyblue,minusPi_root_FC_up,1.1814213875443749e-5,0.9999953938075581,34,3188,7.763626261005892e-5,NA
root.voom5.module.signedhybrid_skyblue,minusMg_shoot_FC_down,3.1262027884611287e-4,0.9998372148575805,48,5491,0.001797566603365149,NA
root.voom5.module.signedhybrid_skyblue,heat_shoot_FC_down,0.0036861430092915625,0.9981691563364646,26,2756,0.017574624972370802,NA
root.voom5.module.signedhybrid_skyblue,cold_root_FC_down,0.003820570646167566,0.998002823528977,30,3632,0.017574624972370802,NA
root.voom5.module.signedhybrid_skyblue,plusMg_shoot_FC_up,0.009519845613537255,0.9948372730037156,27,3281,0.039810263474792155,NA
root.voom5.module.signedhybrid_skyblue,plusIAA_seedlings_FC_up,0.01049555241703524,0.9983349263647824,4,193,0.04023295093196842,NA
root.voom5.module.signedhybrid_turquoise,minusMg_shoot_FC_down,9.228690267558484e-8,1,832,5491,4.245197523076902e-6,NA
root.voom5.module.signedhybrid_turquoise,heat_shoot_FC_down,1.4603439215995988e-5,0.9999886482544813,472,2756,3.358791019679077e-4,NA
